"YEAR","SECTOR","INSTITUTION","STATE_ID","STATE_NAME","TYPE","BEDS","CRITICAL_BEDS","PERSONNEL","DOCTORS","NURSES","INTENSIVE_CARE","HOSPITAL_AREA"
2016,"PÚBLICO","IMSS PROSPERA",2,"BAJA CALIFORNIA","CONSULTA EXTERNA",0,0,39,6,23,0,0
2016,"PÚBLICO","IMSS PROSPERA",2,"BAJA CALIFORNIA","HOSPITALIZACIÓN",43,11,85,14,58,0,1
2016,"PÚBLICO","IMSS PROSPERA",3,"BAJA CALIFORNIA SUR","CONSULTA EXTERNA",0,0,8,4,4,0,0
2016,"PÚBLICO","IMSS PROSPERA",4,"CAMPECHE","CONSULTA EXTERNA",0,0,114,35,70,0,0
2016,"PÚBLICO","IMSS PROSPERA",4,"CAMPECHE","HOSPITALIZACIÓN",94,26,186,23,138,0,2
2016,"PÚBLICO","IMSS PROSPERA",5,"COAHUILA DE ZARAGOZA","CONSULTA EXTERNA",0,0,221,24,145,0,0
2016,"PÚBLICO","IMSS PROSPERA",5,"COAHUILA DE ZARAGOZA","HOSPITALIZACIÓN",146,36,321,30,226,0,3
2016,"PÚBLICO","IMSS PROSPERA",7,"CHIAPAS","CONSULTA EXTERNA",24,0,1538,495,982,0,0
2016,"PÚBLICO","IMSS PROSPERA",7,"CHIAPAS","HOSPITALIZACIÓN",475,117,1191,198,763,0,10
2016,"PÚBLICO","IMSS PROSPERA",8,"CHIHUAHUA","CONSULTA EXTERNA",4,0,394,57,272,0,0
2016,"PÚBLICO","IMSS PROSPERA",8,"CHIHUAHUA","HOSPITALIZACIÓN",116,25,326,30,235,0,3
2016,"PÚBLICO","IMSS PROSPERA",9,"CIUDAD DE MÉXICO","CONSULTA EXTERNA",0,0,105,53,52,0,0
2016,"PÚBLICO","IMSS PROSPERA",10,"DURANGO","CONSULTA EXTERNA",0,0,450,74,302,0,0
2016,"PÚBLICO","IMSS PROSPERA",10,"DURANGO","HOSPITALIZACIÓN",122,30,282,34,185,0,3
2016,"PÚBLICO","IMSS PROSPERA",11,"GUANAJUATO","CONSULTA EXTERNA",0,0,27,13,14,0,0
2016,"PÚBLICO","IMSS PROSPERA",12,"GUERRERO","CONSULTA EXTERNA",0,0,145,73,72,0,0
2016,"PÚBLICO","IMSS PROSPERA",12,"GUERRERO","HOSPITALIZACIÓN",45,10,76,15,55,0,1
2016,"PÚBLICO","IMSS PROSPERA",13,"HIDALGO","CONSULTA EXTERNA",0,0,639,139,397,0,0
2016,"PÚBLICO","IMSS PROSPERA",13,"HIDALGO","HOSPITALIZACIÓN",255,50,541,59,380,0,4
2016,"PÚBLICO","IMSS PROSPERA",14,"JALISCO","CONSULTA EXTERNA",0,0,22,11,11,0,0
2016,"PÚBLICO","IMSS PROSPERA",15,"MÉXICO","CONSULTA EXTERNA",0,0,180,85,95,0,0
2016,"PÚBLICO","IMSS PROSPERA",15,"MÉXICO","HOSPITALIZACIÓN",98,27,175,35,128,0,2
2016,"PÚBLICO","IMSS PROSPERA",16,"MICHOACÁN DE OCAMPO","CONSULTA EXTERNA",10,0,982,161,640,0,0
2016,"PÚBLICO","IMSS PROSPERA",16,"MICHOACÁN DE OCAMPO","HOSPITALIZACIÓN",327,81,694,107,474,0,7
2016,"PÚBLICO","IMSS PROSPERA",17,"MORELOS","CONSULTA EXTERNA",0,0,8,4,4,0,0
2016,"PÚBLICO","IMSS PROSPERA",18,"NAYARIT","CONSULTA EXTERNA",6,0,235,57,158,0,0
2016,"PÚBLICO","IMSS PROSPERA",18,"NAYARIT","HOSPITALIZACIÓN",60,15,137,14,94,0,2
2016,"PÚBLICO","IMSS PROSPERA",19,"NUEVO LEÓN","CONSULTA EXTERNA",0,0,6,3,3,0,0
2016,"PÚBLICO","IMSS PROSPERA",20,"OAXACA","CONSULTA EXTERNA",28,0,1479,454,888,0,0
2016,"PÚBLICO","IMSS PROSPERA",20,"OAXACA","HOSPITALIZACIÓN",396,99,1012,173,650,0,9
2016,"PÚBLICO","IMSS PROSPERA",21,"PUEBLA","CONSULTA EXTERNA",10,0,832,174,511,0,0
2016,"PÚBLICO","IMSS PROSPERA",21,"PUEBLA","HOSPITALIZACIÓN",380,92,724,104,478,0,7
2016,"PÚBLICO","IMSS PROSPERA",22,"QUERÉTARO","CONSULTA EXTERNA",0,0,19,9,10,0,0
2016,"PÚBLICO","IMSS PROSPERA",24,"SAN LUIS POTOSÍ","CONSULTA EXTERNA",15,0,618,164,374,0,0
2016,"PÚBLICO","IMSS PROSPERA",24,"SAN LUIS POTOSÍ","HOSPITALIZACIÓN",259,60,527,69,365,0,5
2016,"PÚBLICO","IMSS PROSPERA",25,"SINALOA","CONSULTA EXTERNA",0,0,277,47,193,0,0
2016,"PÚBLICO","IMSS PROSPERA",25,"SINALOA","HOSPITALIZACIÓN",78,21,169,21,112,0,2
2016,"PÚBLICO","IMSS PROSPERA",26,"SONORA","CONSULTA EXTERNA",0,0,10,5,5,0,0
2016,"PÚBLICO","IMSS PROSPERA",28,"TAMAULIPAS","CONSULTA EXTERNA",0,0,251,89,149,0,0
2016,"PÚBLICO","IMSS PROSPERA",28,"TAMAULIPAS","HOSPITALIZACIÓN",169,52,296,64,185,0,4
2016,"PÚBLICO","IMSS PROSPERA",29,"TLAXCALA","CONSULTA EXTERNA",0,0,10,5,5,0,0
2016,"PÚBLICO","IMSS PROSPERA",30,"VERACRUZ DE IGNACIO DE LA LLAVE","CONSULTA EXTERNA",28,0,1623,449,1017,0,0
2016,"PÚBLICO","IMSS PROSPERA",30,"VERACRUZ DE IGNACIO DE LA LLAVE","HOSPITALIZACIÓN",321,77,714,107,489,0,6
2016,"PÚBLICO","IMSS PROSPERA",31,"YUCATÁN","CONSULTA EXTERNA",0,0,367,62,180,0,0
2016,"PÚBLICO","IMSS PROSPERA",31,"YUCATÁN","HOSPITALIZACIÓN",176,45,450,52,311,0,4
2016,"PÚBLICO","IMSS PROSPERA",32,"ZACATECAS","CONSULTA EXTERNA",0,0,420,69,264,0,0
2016,"PÚBLICO","IMSS PROSPERA",32,"ZACATECAS","HOSPITALIZACIÓN",207,43,495,73,349,0,5
2016,"PÚBLICO","ISSSTE",1,"AGUASCALIENTES","CONSULTA EXTERNA",1,0,100,56,42,0,0
2016,"PÚBLICO","ISSSTE",1,"AGUASCALIENTES","HOSPITALIZACIÓN",130,27,310,123,174,1,1
2016,"PÚBLICO","ISSSTE",2,"BAJA CALIFORNIA","CONSULTA EXTERNA",6,2,96,58,38,0,0
2016,"PÚBLICO","ISSSTE",2,"BAJA CALIFORNIA","HOSPITALIZACIÓN",217,39,749,346,365,3,3
2016,"PÚBLICO","ISSSTE",3,"BAJA CALIFORNIA SUR","CONSULTA EXTERNA",8,4,92,58,34,0,0
2016,"PÚBLICO","ISSSTE",3,"BAJA CALIFORNIA SUR","HOSPITALIZACIÓN",191,32,721,330,374,1,4
2016,"PÚBLICO","ISSSTE",4,"CAMPECHE","CONSULTA EXTERNA",5,3,40,21,19,0,0
2016,"PÚBLICO","ISSSTE",4,"CAMPECHE","HOSPITALIZACIÓN",86,16,318,127,181,1,2
2016,"PÚBLICO","ISSSTE",5,"COAHUILA DE ZARAGOZA","CONSULTA EXTERNA",8,4,119,85,34,0,0
2016,"PÚBLICO","ISSSTE",5,"COAHUILA DE ZARAGOZA","HOSPITALIZACIÓN",362,68,1111,490,588,2,7
2016,"PÚBLICO","ISSSTE",6,"COLIMA","CONSULTA EXTERNA",4,2,8,6,2,0,0
2016,"PÚBLICO","ISSSTE",6,"COLIMA","HOSPITALIZACIÓN",105,22,367,169,187,0,2
2016,"PÚBLICO","ISSSTE",7,"CHIAPAS","CONSULTA EXTERNA",0,0,193,109,84,0,0
2016,"PÚBLICO","ISSSTE",7,"CHIAPAS","HOSPITALIZACIÓN",226,40,572,254,296,2,4
2016,"PÚBLICO","ISSSTE",8,"CHIHUAHUA","CONSULTA EXTERNA",11,9,165,104,57,0,0
2016,"PÚBLICO","ISSSTE",8,"CHIHUAHUA","HOSPITALIZACIÓN",321,51,893,383,474,2,5
2016,"PÚBLICO","ISSSTE",9,"CIUDAD DE MÉXICO","CONSULTA EXTERNA",26,0,3088,1594,1311,0,0
2016,"PÚBLICO","ISSSTE",9,"CIUDAD DE MÉXICO","HOSPITALIZACIÓN",2531,521,9585,3307,4940,8,8
2016,"PÚBLICO","ISSSTE",10,"DURANGO","CONSULTA EXTERNA",1,0,198,132,55,0,0
2016,"PÚBLICO","ISSSTE",10,"DURANGO","HOSPITALIZACIÓN",260,51,699,301,367,2,2
2016,"PÚBLICO","ISSSTE",11,"GUANAJUATO","CONSULTA EXTERNA",3,3,163,106,57,0,0
2016,"PÚBLICO","ISSSTE",11,"GUANAJUATO","HOSPITALIZACIÓN",351,65,1172,548,537,2,4
2016,"PÚBLICO","ISSSTE",12,"GUERRERO","CONSULTA EXTERNA",36,20,321,179,139,0,0
2016,"PÚBLICO","ISSSTE",12,"GUERRERO","HOSPITALIZACIÓN",312,77,896,315,541,2,3
2016,"PÚBLICO","ISSSTE",13,"HIDALGO","CONSULTA EXTERNA",11,4,121,77,44,0,0
2016,"PÚBLICO","ISSSTE",13,"HIDALGO","HOSPITALIZACIÓN",229,65,675,296,356,1,3
2016,"PÚBLICO","ISSSTE",14,"JALISCO","CONSULTA EXTERNA",12,7,476,303,150,0,0
2016,"PÚBLICO","ISSSTE",14,"JALISCO","HOSPITALIZACIÓN",362,72,1196,382,577,1,3
2016,"PÚBLICO","ISSSTE",15,"MÉXICO","CONSULTA EXTERNA",14,0,743,403,340,0,0
2016,"PÚBLICO","ISSSTE",15,"MÉXICO","HOSPITALIZACIÓN",397,64,995,405,538,2,2
2016,"PÚBLICO","ISSSTE",16,"MICHOACÁN DE OCAMPO","CONSULTA EXTERNA",8,6,228,163,65,0,0
2016,"PÚBLICO","ISSSTE",16,"MICHOACÁN DE OCAMPO","HOSPITALIZACIÓN",456,72,1338,586,701,1,9
2016,"PÚBLICO","ISSSTE",17,"MORELOS","CONSULTA EXTERNA",9,5,158,91,64,0,0
2016,"PÚBLICO","ISSSTE",17,"MORELOS","HOSPITALIZACIÓN",284,65,995,396,560,1,2
2016,"PÚBLICO","ISSSTE",18,"NAYARIT","CONSULTA EXTERNA",11,8,152,90,58,0,0
2016,"PÚBLICO","ISSSTE",18,"NAYARIT","HOSPITALIZACIÓN",127,35,389,153,220,1,1
2016,"PÚBLICO","ISSSTE",19,"NUEVO LEÓN","CONSULTA EXTERNA",9,1,184,103,76,0,0
2016,"PÚBLICO","ISSSTE",19,"NUEVO LEÓN","HOSPITALIZACIÓN",271,60,1178,462,593,1,2
2016,"PÚBLICO","ISSSTE",20,"OAXACA","CONSULTA EXTERNA",17,10,266,156,108,0,0
2016,"PÚBLICO","ISSSTE",20,"OAXACA","HOSPITALIZACIÓN",276,36,953,393,522,2,5
2016,"PÚBLICO","ISSSTE",21,"PUEBLA","CONSULTA EXTERNA",15,9,270,146,120,0,0
2016,"PÚBLICO","ISSSTE",21,"PUEBLA","HOSPITALIZACIÓN",293,61,1067,436,562,2,4
2016,"PÚBLICO","ISSSTE",22,"QUERÉTARO","CONSULTA EXTERNA",3,3,98,64,29,0,0
2016,"PÚBLICO","ISSSTE",22,"QUERÉTARO","HOSPITALIZACIÓN",131,17,352,142,192,1,1
2016,"PÚBLICO","ISSSTE",23,"QUINTANA ROO","CONSULTA EXTERNA",17,13,117,61,56,0,0
2016,"PÚBLICO","ISSSTE",23,"QUINTANA ROO","HOSPITALIZACIÓN",83,23,359,148,205,1,2
2016,"PÚBLICO","ISSSTE",24,"SAN LUIS POTOSÍ","CONSULTA EXTERNA",0,0,194,92,100,0,0
2016,"PÚBLICO","ISSSTE",24,"SAN LUIS POTOSÍ","HOSPITALIZACIÓN",198,34,651,285,346,2,5
2016,"PÚBLICO","ISSSTE",25,"SINALOA","CONSULTA EXTERNA",9,8,252,131,118,0,0
2016,"PÚBLICO","ISSSTE",25,"SINALOA","HOSPITALIZACIÓN",326,67,1043,408,547,2,3
2016,"PÚBLICO","ISSSTE",26,"SONORA","CONSULTA EXTERNA",22,4,205,119,83,0,1
2016,"PÚBLICO","ISSSTE",26,"SONORA","HOSPITALIZACIÓN",264,46,612,301,288,3,5
2016,"PÚBLICO","ISSSTE",27,"TABASCO","CONSULTA EXTERNA",0,0,155,95,59,0,0
2016,"PÚBLICO","ISSSTE",27,"TABASCO","HOSPITALIZACIÓN",100,25,313,131,172,1,1
2016,"PÚBLICO","ISSSTE",28,"TAMAULIPAS","CONSULTA EXTERNA",7,0,146,89,54,0,0
2016,"PÚBLICO","ISSSTE",28,"TAMAULIPAS","HOSPITALIZACIÓN",500,93,1289,565,673,6,7
2016,"PÚBLICO","ISSSTE",29,"TLAXCALA","CONSULTA EXTERNA",3,0,42,24,18,0,0
2016,"PÚBLICO","ISSSTE",29,"TLAXCALA","HOSPITALIZACIÓN",99,14,358,140,202,1,1
2016,"PÚBLICO","ISSSTE",30,"VERACRUZ DE IGNACIO DE LA LLAVE","CONSULTA EXTERNA",16,12,375,256,112,0,0
2016,"PÚBLICO","ISSSTE",30,"VERACRUZ DE IGNACIO DE LA LLAVE","HOSPITALIZACIÓN",470,61,1655,685,895,2,6
2016,"PÚBLICO","ISSSTE",31,"YUCATÁN","CONSULTA EXTERNA",7,4,271,149,116,0,0
2016,"PÚBLICO","ISSSTE",31,"YUCATÁN","HOSPITALIZACIÓN",179,54,495,215,251,1,1
2016,"PÚBLICO","ISSSTE",32,"ZACATECAS","CONSULTA EXTERNA",1,0,124,79,45,0,0
2016,"PÚBLICO","ISSSTE",32,"ZACATECAS","HOSPITALIZACIÓN",131,29,438,170,246,1,2
2016,"PÚBLICO","OTROS",1,"AGUASCALIENTES","CONSULTA EXTERNA",17,15,1076,463,518,0,0
2016,"PÚBLICO","OTROS",1,"AGUASCALIENTES","ESTABLECIMIENTO DE APOYO",0,0,4,4,0,0,0
2016,"PÚBLICO","OTROS",1,"AGUASCALIENTES","HOSPITALIZACIÓN",539,121,1421,451,752,2,2
2016,"PÚBLICO","OTROS",2,"BAJA CALIFORNIA","CONSULTA EXTERNA",117,51,2082,725,1146,0,1
2016,"PÚBLICO","OTROS",2,"BAJA CALIFORNIA","HOSPITALIZACIÓN",1350,153,3884,1236,2242,4,7
2016,"PÚBLICO","OTROS",3,"BAJA CALIFORNIA SUR","CONSULTA EXTERNA",50,39,347,153,194,0,0
2016,"PÚBLICO","OTROS",3,"BAJA CALIFORNIA SUR","HOSPITALIZACIÓN",346,57,1263,458,700,1,6
2016,"PÚBLICO","OTROS",4,"CAMPECHE","CONSULTA EXTERNA",37,25,486,165,266,0,1
2016,"PÚBLICO","OTROS",4,"CAMPECHE","HOSPITALIZACIÓN",239,49,719,279,392,1,2
2016,"PÚBLICO","OTROS",5,"COAHUILA DE ZARAGOZA","CONSULTA EXTERNA",98,74,1733,665,962,0,0
2016,"PÚBLICO","OTROS",5,"COAHUILA DE ZARAGOZA","HOSPITALIZACIÓN",2295,372,6385,1691,4010,5,13
2016,"PÚBLICO","OTROS",6,"COLIMA","CONSULTA EXTERNA",26,26,332,164,168,0,0
2016,"PÚBLICO","OTROS",6,"COLIMA","HOSPITALIZACIÓN",216,49,1190,413,588,1,2
2016,"PÚBLICO","OTROS",7,"CHIAPAS","CONSULTA EXTERNA",59,53,837,341,496,0,0
2016,"PÚBLICO","OTROS",7,"CHIAPAS","HOSPITALIZACIÓN",439,78,2031,489,1336,2,4
2016,"PÚBLICO","OTROS",8,"CHIHUAHUA","CONSULTA EXTERNA",114,88,1997,839,1052,0,0
2016,"PÚBLICO","OTROS",8,"CHIHUAHUA","HOSPITALIZACIÓN",1916,339,4527,1236,2864,8,10
2016,"PÚBLICO","OTROS",9,"CIUDAD DE MÉXICO","ASISTENCIA SOCIAL",0,0,68,31,19,0,0
2016,"PÚBLICO","OTROS",9,"CIUDAD DE MÉXICO","CONSULTA EXTERNA",259,167,7300,2896,3663,0,1
2016,"PÚBLICO","OTROS",9,"CIUDAD DE MÉXICO","ESTABLECIMIENTO DE APOYO",0,0,0,0,0,0,0
2016,"PÚBLICO","OTROS",9,"CIUDAD DE MÉXICO","HOSPITALIZACIÓN",7887,1181,27465,6760,17404,21,29
2016,"PÚBLICO","OTROS",10,"DURANGO","CONSULTA EXTERNA",53,34,856,346,470,0,0
2016,"PÚBLICO","OTROS",10,"DURANGO","HOSPITALIZACIÓN",708,123,1812,600,948,2,4
2016,"PÚBLICO","OTROS",11,"GUANAJUATO","CONSULTA EXTERNA",111,77,1691,739,826,0,0
2016,"PÚBLICO","OTROS",11,"GUANAJUATO","HOSPITALIZACIÓN",1697,297,5529,1508,3366,4,12
2016,"PÚBLICO","OTROS",12,"GUERRERO","CONSULTA EXTERNA",39,33,726,280,376,0,0
2016,"PÚBLICO","OTROS",12,"GUERRERO","HOSPITALIZACIÓN",616,109,1800,606,1036,2,6
2016,"PÚBLICO","OTROS",13,"HIDALGO","CONSULTA EXTERNA",33,20,398,190,208,0,0
2016,"PÚBLICO","OTROS",13,"HIDALGO","HOSPITALIZACIÓN",454,95,1777,624,1008,1,6
2016,"PÚBLICO","OTROS",14,"JALISCO","CONSULTA EXTERNA",570,343,4829,1812,2245,0,2
2016,"PÚBLICO","OTROS",14,"JALISCO","HOSPITALIZACIÓN",4361,731,10690,2921,6067,12,20
2016,"PÚBLICO","OTROS",15,"MÉXICO","CONSULTA EXTERNA",162,122,5925,2371,3227,0,0
2016,"PÚBLICO","OTROS",15,"MÉXICO","HOSPITALIZACIÓN",4180,731,11990,3829,7054,10,17
2016,"PÚBLICO","OTROS",16,"MICHOACÁN DE OCAMPO","CONSULTA EXTERNA",91,47,1399,538,778,0,1
2016,"PÚBLICO","OTROS",16,"MICHOACÁN DE OCAMPO","HOSPITALIZACIÓN",983,173,3108,980,1828,1,10
2016,"PÚBLICO","OTROS",17,"MORELOS","CONSULTA EXTERNA",26,26,573,235,338,0,0
2016,"PÚBLICO","OTROS",17,"MORELOS","HOSPITALIZACIÓN",556,100,1832,622,966,2,3
2016,"PÚBLICO","OTROS",18,"NAYARIT","ASISTENCIA SOCIAL",3,0,5,4,1,0,0
2016,"PÚBLICO","OTROS",18,"NAYARIT","CONSULTA EXTERNA",26,6,909,278,522,0,0
2016,"PÚBLICO","OTROS",18,"NAYARIT","HOSPITALIZACIÓN",344,59,1106,358,616,1,5
2016,"PÚBLICO","OTROS",19,"NUEVO LEÓN","CONSULTA EXTERNA",189,136,3486,1423,1758,0,0
2016,"PÚBLICO","OTROS",19,"NUEVO LEÓN","HOSPITALIZACIÓN",3955,541,10659,2593,6694,10,14
2016,"PÚBLICO","OTROS",20,"OAXACA","ASISTENCIA SOCIAL",0,0,6,6,0,0,0
2016,"PÚBLICO","OTROS",20,"OAXACA","CONSULTA EXTERNA",33,33,687,258,380,0,0
2016,"PÚBLICO","OTROS",20,"OAXACA","HOSPITALIZACIÓN",453,87,1716,454,1096,1,5
2016,"PÚBLICO","OTROS",21,"PUEBLA","CONSULTA EXTERNA",154,125,1912,721,965,0,1
2016,"PÚBLICO","OTROS",21,"PUEBLA","HOSPITALIZACIÓN",1767,308,4790,1217,2814,5,8
2016,"PÚBLICO","OTROS",22,"QUERÉTARO","CONSULTA EXTERNA",19,13,1195,452,610,0,0
2016,"PÚBLICO","OTROS",22,"QUERÉTARO","HOSPITALIZACIÓN",529,82,1544,415,956,1,2
2016,"PÚBLICO","OTROS",23,"QUINTANA ROO","CONSULTA EXTERNA",29,29,512,213,254,0,0
2016,"PÚBLICO","OTROS",23,"QUINTANA ROO","HOSPITALIZACIÓN",634,121,2073,619,1242,4,6
2016,"PÚBLICO","OTROS",24,"SAN LUIS POTOSÍ","ASISTENCIA SOCIAL",0,0,18,13,5,0,0
2016,"PÚBLICO","OTROS",24,"SAN LUIS POTOSÍ","CONSULTA EXTERNA",29,29,1084,391,606,0,0
2016,"PÚBLICO","OTROS",24,"SAN LUIS POTOSÍ","HOSPITALIZACIÓN",892,137,2675,739,1604,4,6
2016,"PÚBLICO","OTROS",25,"SINALOA","CONSULTA EXTERNA",170,66,1439,621,694,0,0
2016,"PÚBLICO","OTROS",25,"SINALOA","HOSPITALIZACIÓN",1285,207,3616,1056,2254,3,8
2016,"PÚBLICO","OTROS",26,"SONORA","CONSULTA EXTERNA",83,44,2001,672,1162,0,1
2016,"PÚBLICO","OTROS",26,"SONORA","HOSPITALIZACIÓN",1911,371,5121,1469,3118,5,16
2016,"PÚBLICO","OTROS",27,"TABASCO","CONSULTA EXTERNA",53,53,673,275,344,0,0
2016,"PÚBLICO","OTROS",27,"TABASCO","HOSPITALIZACIÓN",330,69,1117,330,650,1,3
2016,"PÚBLICO","OTROS",28,"TAMAULIPAS","CONSULTA EXTERNA",96,86,1994,749,848,0,0
2016,"PÚBLICO","OTROS",28,"TAMAULIPAS","HOSPITALIZACIÓN",1377,229,3398,1142,2060,8,8
2016,"PÚBLICO","OTROS",29,"TLAXCALA","CONSULTA EXTERNA",15,15,419,160,238,0,0
2016,"PÚBLICO","OTROS",29,"TLAXCALA","HOSPITALIZACIÓN",264,45,805,305,428,1,3
2016,"PÚBLICO","OTROS",30,"VERACRUZ DE IGNACIO DE LA LLAVE","ASISTENCIA SOCIAL",0,0,25,20,5,0,0
2016,"PÚBLICO","OTROS",30,"VERACRUZ DE IGNACIO DE LA LLAVE","CONSULTA EXTERNA",215,215,2913,1191,1436,0,0
2016,"PÚBLICO","OTROS",30,"VERACRUZ DE IGNACIO DE LA LLAVE","HOSPITALIZACIÓN",2342,357,7186,1882,4284,6,18
2016,"PÚBLICO","OTROS",31,"YUCATÁN","CONSULTA EXTERNA",63,43,1379,518,728,0,0
2016,"PÚBLICO","OTROS",31,"YUCATÁN","HOSPITALIZACIÓN",1007,148,3133,875,1796,3,6
2016,"PÚBLICO","OTROS",32,"ZACATECAS","CONSULTA EXTERNA",33,26,729,207,373,0,0
2016,"PÚBLICO","OTROS",32,"ZACATECAS","HOSPITALIZACIÓN",358,69,972,325,560,1,2
2016,"PÚBLICO","PEMEX",4,"CAMPECHE","CONSULTA EXTERNA",0,0,31,31,0,0,0
2016,"PÚBLICO","PEMEX",4,"CAMPECHE","HOSPITALIZACIÓN",41,13,149,67,82,1,1
2016,"PÚBLICO","PEMEX",7,"CHIAPAS","CONSULTA EXTERNA",4,4,31,20,11,0,0
2016,"PÚBLICO","PEMEX",8,"CHIHUAHUA","CONSULTA EXTERNA",3,3,10,3,7,0,0
2016,"PÚBLICO","PEMEX",9,"CIUDAD DE MÉXICO","CONSULTA EXTERNA",0,0,15,10,5,0,0
2016,"PÚBLICO","PEMEX",9,"CIUDAD DE MÉXICO","HOSPITALIZACIÓN",387,58,1271,282,698,2,2
2016,"PÚBLICO","PEMEX",11,"GUANAJUATO","HOSPITALIZACIÓN",70,23,288,105,157,1,1
2016,"PÚBLICO","PEMEX",13,"HIDALGO","CONSULTA EXTERNA",2,2,44,22,22,0,0
2016,"PÚBLICO","PEMEX",13,"HIDALGO","HOSPITALIZACIÓN",21,4,144,71,73,0,1
2016,"PÚBLICO","PEMEX",14,"JALISCO","CONSULTA EXTERNA",5,5,36,17,19,0,0
2016,"PÚBLICO","PEMEX",15,"MÉXICO","CONSULTA EXTERNA",2,2,32,21,11,0,0
2016,"PÚBLICO","PEMEX",19,"NUEVO LEÓN","CONSULTA EXTERNA",3,3,28,18,10,0,0
2016,"PÚBLICO","PEMEX",19,"NUEVO LEÓN","HOSPITALIZACIÓN",44,13,129,51,78,1,1
2016,"PÚBLICO","PEMEX",20,"OAXACA","CONSULTA EXTERNA",0,0,22,12,10,0,0
2016,"PÚBLICO","PEMEX",20,"OAXACA","HOSPITALIZACIÓN",44,8,183,71,112,1,1
2016,"PÚBLICO","PEMEX",21,"PUEBLA","CONSULTA EXTERNA",1,1,30,20,10,0,0
2016,"PÚBLICO","PEMEX",21,"PUEBLA","HOSPITALIZACIÓN",8,1,25,14,11,0,1
2016,"PÚBLICO","PEMEX",24,"SAN LUIS POTOSÍ","HOSPITALIZACIÓN",11,3,42,18,24,0,1
2016,"PÚBLICO","PEMEX",25,"SINALOA","CONSULTA EXTERNA",0,0,9,6,3,0,0
2016,"PÚBLICO","PEMEX",27,"TABASCO","CONSULTA EXTERNA",14,14,158,112,46,0,0
2016,"PÚBLICO","PEMEX",27,"TABASCO","HOSPITALIZACIÓN",183,33,606,235,371,1,3
2016,"PÚBLICO","PEMEX",28,"TAMAULIPAS","CONSULTA EXTERNA",7,7,128,80,48,0,0
2016,"PÚBLICO","PEMEX",28,"TAMAULIPAS","HOSPITALIZACIÓN",244,47,634,187,376,2,2
2016,"PÚBLICO","PEMEX",30,"VERACRUZ DE IGNACIO DE LA LLAVE","CONSULTA EXTERNA",7,7,209,139,70,0,0
2016,"PÚBLICO","PEMEX",30,"VERACRUZ DE IGNACIO DE LA LLAVE","HOSPITALIZACIÓN",358,67,1146,457,689,2,9
2016,"PÚBLICO","SEDENA",2,"BAJA CALIFORNIA","HOSPITALIZACIÓN",84,12,110,52,48,0,0
2016,"PÚBLICO","SEDENA",3,"BAJA CALIFORNIA SUR","HOSPITALIZACIÓN",68,16,42,12,25,0,0
2016,"PÚBLICO","SEDENA",5,"COAHUILA DE ZARAGOZA","HOSPITALIZACIÓN",58,4,13,6,7,0,0
2016,"PÚBLICO","SEDENA",7,"CHIAPAS","HOSPITALIZACIÓN",71,11,68,27,32,0,0
2016,"PÚBLICO","SEDENA",8,"CHIHUAHUA","HOSPITALIZACIÓN",72,6,179,48,111,0,0
2016,"PÚBLICO","SEDENA",9,"CIUDAD DE MÉXICO","HOSPITALIZACIÓN",1180,55,1834,474,1211,0,0
2016,"PÚBLICO","SEDENA",10,"DURANGO","HOSPITALIZACIÓN",46,3,38,11,27,0,0
2016,"PÚBLICO","SEDENA",11,"GUANAJUATO","HOSPITALIZACIÓN",10,10,72,14,49,0,0
2016,"PÚBLICO","SEDENA",12,"GUERRERO","HOSPITALIZACIÓN",84,21,173,60,101,0,0
2016,"PÚBLICO","SEDENA",14,"JALISCO","HOSPITALIZACIÓN",153,23,162,64,98,0,0
2016,"PÚBLICO","SEDENA",15,"MÉXICO","CONSULTA EXTERNA",0,0,16,12,4,0,0
2016,"PÚBLICO","SEDENA",15,"MÉXICO","HOSPITALIZACIÓN",163,14,517,188,248,0,0
2016,"PÚBLICO","SEDENA",16,"MICHOACÁN DE OCAMPO","HOSPITALIZACIÓN",38,4,27,9,18,0,0
2016,"PÚBLICO","SEDENA",17,"MORELOS","HOSPITALIZACIÓN",36,3,47,13,28,0,0
2016,"PÚBLICO","SEDENA",19,"NUEVO LEÓN","HOSPITALIZACIÓN",65,4,82,27,37,0,0
2016,"PÚBLICO","SEDENA",20,"OAXACA","HOSPITALIZACIÓN",71,5,102,29,64,0,0
2016,"PÚBLICO","SEDENA",21,"PUEBLA","HOSPITALIZACIÓN",101,12,150,33,63,0,0
2016,"PÚBLICO","SEDENA",23,"QUINTANA ROO","HOSPITALIZACIÓN",45,6,45,11,34,0,0
2016,"PÚBLICO","SEDENA",24,"SAN LUIS POTOSÍ","HOSPITALIZACIÓN",39,5,84,27,47,0,0
2016,"PÚBLICO","SEDENA",25,"SINALOA","HOSPITALIZACIÓN",52,11,76,28,40,0,0
2016,"PÚBLICO","SEDENA",26,"SONORA","HOSPITALIZACIÓN",34,4,52,21,25,0,0
2016,"PÚBLICO","SEDENA",27,"TABASCO","HOSPITALIZACIÓN",52,6,61,17,32,0,0
2016,"PÚBLICO","SEDENA",28,"TAMAULIPAS","HOSPITALIZACIÓN",62,7,76,19,47,0,0
2016,"PÚBLICO","SEDENA",30,"VERACRUZ DE IGNACIO DE LA LLAVE","HOSPITALIZACIÓN",98,10,125,38,77,0,0
2016,"PÚBLICO","SEDENA",31,"YUCATÁN","HOSPITALIZACIÓN",80,7,71,18,53,0,0
2016,"PÚBLICO","SEDENA",32,"ZACATECAS","HOSPITALIZACIÓN",34,4,44,18,26,0,0
2016,"PÚBLICO","SEMAR",2,"BAJA CALIFORNIA","CONSULTA EXTERNA",2,0,5,5,0,0,0
2016,"PÚBLICO","SEMAR",2,"BAJA CALIFORNIA","HOSPITALIZACIÓN",34,8,37,19,18,0,0
2016,"PÚBLICO","SEMAR",3,"BAJA CALIFORNIA SUR","HOSPITALIZACIÓN",25,5,43,20,23,0,0
2016,"PÚBLICO","SEMAR",4,"CAMPECHE","HOSPITALIZACIÓN",56,16,67,43,24,0,0
2016,"PÚBLICO","SEMAR",6,"COLIMA","HOSPITALIZACIÓN",50,4,82,29,53,0,0
2016,"PÚBLICO","SEMAR",7,"CHIAPAS","CONSULTA EXTERNA",3,0,11,4,7,0,0
2016,"PÚBLICO","SEMAR",7,"CHIAPAS","HOSPITALIZACIÓN",23,3,54,28,26,0,0
2016,"PÚBLICO","SEMAR",9,"CIUDAD DE MÉXICO","CONSULTA EXTERNA",13,13,108,77,31,0,0
2016,"PÚBLICO","SEMAR",9,"CIUDAD DE MÉXICO","HOSPITALIZACIÓN",241,59,629,288,341,0,0
2016,"PÚBLICO","SEMAR",12,"GUERRERO","HOSPITALIZACIÓN",96,14,120,40,80,0,0
2016,"PÚBLICO","SEMAR",14,"JALISCO","HOSPITALIZACIÓN",42,11,41,17,24,0,0
2016,"PÚBLICO","SEMAR",16,"MICHOACÁN DE OCAMPO","HOSPITALIZACIÓN",68,16,59,23,36,0,0
2016,"PÚBLICO","SEMAR",18,"NAYARIT","HOSPITALIZACIÓN",9,1,19,9,10,0,0
2016,"PÚBLICO","SEMAR",20,"OAXACA","HOSPITALIZACIÓN",90,9,99,42,57,0,0
2016,"PÚBLICO","SEMAR",23,"QUINTANA ROO","HOSPITALIZACIÓN",60,10,76,34,42,0,0
2016,"PÚBLICO","SEMAR",25,"SINALOA","HOSPITALIZACIÓN",61,11,86,35,51,0,0
2016,"PÚBLICO","SEMAR",26,"SONORA","HOSPITALIZACIÓN",46,9,66,33,33,0,0
2016,"PÚBLICO","SEMAR",27,"TABASCO","HOSPITALIZACIÓN",28,5,25,7,18,0,0
2016,"PÚBLICO","SEMAR",28,"TAMAULIPAS","HOSPITALIZACIÓN",119,8,115,37,78,0,0
2016,"PÚBLICO","SEMAR",30,"VERACRUZ DE IGNACIO DE LA LLAVE","CONSULTA EXTERNA",0,0,9,4,5,0,0
2016,"PÚBLICO","SEMAR",30,"VERACRUZ DE IGNACIO DE LA LLAVE","HOSPITALIZACIÓN",184,24,410,181,229,0,0
2016,"PÚBLICO","SEMAR",31,"YUCATÁN","HOSPITALIZACIÓN",14,1,33,13,20,0,0
2016,"PÚBLICO","SME",2,"BAJA CALIFORNIA","CONSULTA EXTERNA",35,14,304,182,85,0,2
2016,"PÚBLICO","SME",2,"BAJA CALIFORNIA","HOSPITALIZACIÓN",298,60,977,364,538,3,4
2016,"PÚBLICO","SME",5,"COAHUILA DE ZARAGOZA","CONSULTA EXTERNA",52,14,104,62,42,0,0
2016,"PÚBLICO","SME",5,"COAHUILA DE ZARAGOZA","HOSPITALIZACIÓN",107,22,465,232,233,0,0
2016,"PÚBLICO","SME",7,"CHIAPAS","CONSULTA EXTERNA",0,0,125,98,27,0,0
2016,"PÚBLICO","SME",7,"CHIAPAS","HOSPITALIZACIÓN",202,47,612,364,248,0,0
2016,"PÚBLICO","SME",8,"CHIHUAHUA","CONSULTA EXTERNA",10,6,126,87,35,0,0
2016,"PÚBLICO","SME",9,"CIUDAD DE MÉXICO","CONSULTA EXTERNA",22,19,230,124,106,0,0
2016,"PÚBLICO","SME",9,"CIUDAD DE MÉXICO","ESTABLECIMIENTO DE APOYO",0,0,9,4,5,0,0
2016,"PÚBLICO","SME",9,"CIUDAD DE MÉXICO","HOSPITALIZACIÓN",30,0,0,0,0,0,0
2016,"PÚBLICO","SME",15,"MÉXICO","CONSULTA EXTERNA",69,13,996,536,413,0,4
2016,"PÚBLICO","SME",15,"MÉXICO","HOSPITALIZACIÓN",1819,439,5239,1476,2958,8,16
2016,"PÚBLICO","SME",18,"NAYARIT","CONSULTA EXTERNA",10,0,13,7,5,0,0
2016,"PÚBLICO","SME",18,"NAYARIT","HOSPITALIZACIÓN",40,3,23,8,15,0,0
2016,"PÚBLICO","SME",19,"NUEVO LEÓN","CONSULTA EXTERNA",162,18,348,150,188,0,0
2016,"PÚBLICO","SME",19,"NUEVO LEÓN","HOSPITALIZACIÓN",134,14,313,122,191,0,0
2016,"PÚBLICO","SME",21,"PUEBLA","CONSULTA EXTERNA",6,4,271,227,44,0,0
2016,"PÚBLICO","SME",21,"PUEBLA","HOSPITALIZACIÓN",299,60,573,176,265,0,0
2016,"PÚBLICO","SME",24,"SAN LUIS POTOSÍ","HOSPITALIZACIÓN",28,0,19,8,6,0,0
2016,"PÚBLICO","SME",25,"SINALOA","HOSPITALIZACIÓN",320,72,1100,337,540,1,2
2016,"PÚBLICO","SME",26,"SONORA","CONSULTA EXTERNA",0,0,0,0,0,0,0
2016,"PÚBLICO","SME",26,"SONORA","HOSPITALIZACIÓN",263,63,989,420,547,0,0
2016,"PÚBLICO","SME",27,"TABASCO","CONSULTA EXTERNA",0,0,156,117,39,0,0
2016,"PÚBLICO","SME",27,"TABASCO","HOSPITALIZACIÓN",140,34,564,213,299,0,0
2016,"PÚBLICO","SME",31,"YUCATÁN","HOSPITALIZACIÓN",50,17,118,32,76,1,1
2016,"PÚBLICO","SSA",1,"AGUASCALIENTES","CONSULTA EXTERNA",29,0,917,272,536,0,0
2016,"PÚBLICO","SSA",1,"AGUASCALIENTES","HOSPITALIZACIÓN",663,114,2535,713,1626,2,7
2016,"PÚBLICO","SSA",2,"BAJA CALIFORNIA","CONSULTA EXTERNA",110,35,1492,388,767,0,3
2016,"PÚBLICO","SSA",2,"BAJA CALIFORNIA","HOSPITALIZACIÓN",931,204,2836,708,1799,3,6
2016,"PÚBLICO","SSA",3,"BAJA CALIFORNIA SUR","CONSULTA EXTERNA",69,6,531,164,274,0,1
2016,"PÚBLICO","SSA",3,"BAJA CALIFORNIA SUR","HOSPITALIZACIÓN",387,75,1188,329,790,1,6
2016,"PÚBLICO","SSA",4,"CAMPECHE","CONSULTA EXTERNA",71,26,836,351,399,0,0
2016,"PÚBLICO","SSA",4,"CAMPECHE","HOSPITALIZACIÓN",704,131,1719,476,1104,3,12
2016,"PÚBLICO","SSA",5,"COAHUILA DE ZARAGOZA","CONSULTA EXTERNA",70,13,1175,345,689,0,4
2016,"PÚBLICO","SSA",5,"COAHUILA DE ZARAGOZA","HOSPITALIZACIÓN",836,112,2227,656,1467,4,14
2016,"PÚBLICO","SSA",6,"COLIMA","CONSULTA EXTERNA",217,3,802,256,432,0,0
2016,"PÚBLICO","SSA",6,"COLIMA","HOSPITALIZACIÓN",415,50,1172,349,729,3,5
2016,"PÚBLICO","SSA",7,"CHIAPAS","CONSULTA EXTERNA",531,64,4533,1615,2658,0,19
2016,"PÚBLICO","SSA",7,"CHIAPAS","HOSPITALIZACIÓN",1983,350,7948,2307,5325,9,34
2016,"PÚBLICO","SSA",8,"CHIHUAHUA","CONSULTA EXTERNA",321,123,2198,659,1251,0,0
2016,"PÚBLICO","SSA",8,"CHIHUAHUA","HOSPITALIZACIÓN",1611,285,5390,1212,3840,10,20
2016,"PÚBLICO","SSA",9,"CIUDAD DE MÉXICO","CONSULTA EXTERNA",48,5,5747,2865,2462,0,0
2016,"PÚBLICO","SSA",9,"CIUDAD DE MÉXICO","HOSPITALIZACIÓN",8367,1019,25261,7408,15272,32,55
2016,"PÚBLICO","SSA",10,"DURANGO","CONSULTA EXTERNA",32,0,1108,414,530,0,0
2016,"PÚBLICO","SSA",10,"DURANGO","HOSPITALIZACIÓN",903,94,2609,791,1556,3,26
2016,"PÚBLICO","SSA",11,"GUANAJUATO","CONSULTA EXTERNA",416,16,4575,1367,2794,0,1
2016,"PÚBLICO","SSA",11,"GUANAJUATO","HOSPITALIZACIÓN",2793,463,8211,2506,5313,12,41
2016,"PÚBLICO","SSA",12,"GUERRERO","CONSULTA EXTERNA",1074,320,4975,1918,2777,0,0
2016,"PÚBLICO","SSA",12,"GUERRERO","HOSPITALIZACIÓN",1892,278,5633,1988,3364,7,39
2016,"PÚBLICO","SSA",13,"HIDALGO","CONSULTA EXTERNA",618,39,3662,1146,2092,0,0
2016,"PÚBLICO","SSA",13,"HIDALGO","HOSPITALIZACIÓN",1227,198,3033,1031,1851,4,16
2016,"PÚBLICO","SSA",14,"JALISCO","CONSULTA EXTERNA",539,4,5112,1697,2510,0,0
2016,"PÚBLICO","SSA",14,"JALISCO","HOSPITALIZACIÓN",3524,341,11826,2603,7443,3,39
2016,"PÚBLICO","SSA",15,"MÉXICO","CONSULTA EXTERNA",598,6,9132,3427,4807,0,3
2016,"PÚBLICO","SSA",15,"MÉXICO","HOSPITALIZACIÓN",6040,870,19193,5331,12703,24,69
2016,"PÚBLICO","SSA",16,"MICHOACÁN DE OCAMPO","CONSULTA EXTERNA",399,17,3554,1310,1718,0,1
2016,"PÚBLICO","SSA",16,"MICHOACÁN DE OCAMPO","HOSPITALIZACIÓN",1609,203,4856,1639,2791,3,26
2016,"PÚBLICO","SSA",17,"MORELOS","CONSULTA EXTERNA",252,4,1744,516,992,0,1
2016,"PÚBLICO","SSA",17,"MORELOS","HOSPITALIZACIÓN",835,188,2605,822,1631,3,11
2016,"PÚBLICO","SSA",18,"NAYARIT","CONSULTA EXTERNA",292,33,1246,418,672,0,0
2016,"PÚBLICO","SSA",18,"NAYARIT","HOSPITALIZACIÓN",544,117,1631,508,968,1,12
2016,"PÚBLICO","SSA",19,"NUEVO LEÓN","CONSULTA EXTERNA",516,39,2272,654,1097,0,1
2016,"PÚBLICO","SSA",19,"NUEVO LEÓN","HOSPITALIZACIÓN",1021,174,2989,654,1983,2,9
2016,"PÚBLICO","SSA",20,"OAXACA","CONSULTA EXTERNA",1945,11,4178,1702,2103,0,3
2016,"PÚBLICO","SSA",20,"OAXACA","HOSPITALIZACIÓN",1821,336,4702,1534,2808,4,36
2016,"PÚBLICO","SSA",21,"PUEBLA","CONSULTA EXTERNA",1263,104,4723,1560,2480,0,3
2016,"PÚBLICO","SSA",21,"PUEBLA","HOSPITALIZACIÓN",3204,582,7081,2059,4364,14,53
2016,"PÚBLICO","SSA",22,"QUERÉTARO","CONSULTA EXTERNA",228,10,1617,590,731,0,3
2016,"PÚBLICO","SSA",22,"QUERÉTARO","HOSPITALIZACIÓN",789,194,2385,688,1496,4,5
2016,"PÚBLICO","SSA",23,"QUINTANA ROO","CONSULTA EXTERNA",16,0,937,360,492,0,0
2016,"PÚBLICO","SSA",23,"QUINTANA ROO","HOSPITALIZACIÓN",563,121,1979,639,1247,3,10
2016,"PÚBLICO","SSA",24,"SAN LUIS POTOSÍ","CONSULTA EXTERNA",113,17,1905,635,1003,0,1
2016,"PÚBLICO","SSA",24,"SAN LUIS POTOSÍ","HOSPITALIZACIÓN",1236,168,3220,769,1918,5,14
2016,"PÚBLICO","SSA",25,"SINALOA","CONSULTA EXTERNA",76,13,1789,747,794,0,1
2016,"PÚBLICO","SSA",25,"SINALOA","HOSPITALIZACIÓN",1102,182,3863,1239,2320,4,21
2016,"PÚBLICO","SSA",26,"SONORA","CONSULTA EXTERNA",158,10,1542,424,877,0,1
2016,"PÚBLICO","SSA",26,"SONORA","HOSPITALIZACIÓN",1491,173,3793,1050,2360,3,18
2016,"PÚBLICO","SSA",27,"TABASCO","CONSULTA EXTERNA",402,26,2407,1073,1066,0,0
2016,"PÚBLICO","SSA",27,"TABASCO","HOSPITALIZACIÓN",1641,282,4851,1539,2878,5,23
2016,"PÚBLICO","SSA",28,"TAMAULIPAS","CONSULTA EXTERNA",232,3,2685,796,1553,0,0
2016,"PÚBLICO","SSA",28,"TAMAULIPAS","HOSPITALIZACIÓN",1845,273,6073,1667,3984,10,21
2016,"PÚBLICO","SSA",29,"TLAXCALA","CONSULTA EXTERNA",346,0,1405,568,637,0,0
2016,"PÚBLICO","SSA",29,"TLAXCALA","HOSPITALIZACIÓN",660,122,2262,752,1437,4,12
2016,"PÚBLICO","SSA",30,"VERACRUZ DE IGNACIO DE LA LLAVE","CONSULTA EXTERNA",214,13,5299,2327,2611,0,3
2016,"PÚBLICO","SSA",30,"VERACRUZ DE IGNACIO DE LA LLAVE","HOSPITALIZACIÓN",3453,439,8888,2699,5732,10,56
2016,"PÚBLICO","SSA",31,"YUCATÁN","CONSULTA EXTERNA",91,42,1699,487,1025,0,0
2016,"PÚBLICO","SSA",31,"YUCATÁN","HOSPITALIZACIÓN",1072,204,3437,963,2179,2,8
2016,"PÚBLICO","SSA",32,"ZACATECAS","CONSULTA EXTERNA",330,36,1170,434,585,0,0
2016,"PÚBLICO","SSA",32,"ZACATECAS","HOSPITALIZACIÓN",721,99,2924,892,1857,3,17
2017,"PÚBLICO","ISSSTE",1,"AGUASCALIENTES","CONSULTA EXTERNA",1,0,102,54,48,0,0
2017,"PÚBLICO","ISSSTE",1,"AGUASCALIENTES","HOSPITALIZACIÓN",111,21,451,154,284,1,1
2017,"PÚBLICO","ISSSTE",2,"BAJA CALIFORNIA","CONSULTA EXTERNA",6,1,91,41,47,0,0
2017,"PÚBLICO","ISSSTE",2,"BAJA CALIFORNIA","HOSPITALIZACIÓN",215,37,856,373,449,3,3
2017,"PÚBLICO","ISSSTE",3,"BAJA CALIFORNIA SUR","CONSULTA EXTERNA",8,4,55,29,26,0,0
2017,"PÚBLICO","ISSSTE",3,"BAJA CALIFORNIA SUR","HOSPITALIZACIÓN",181,26,779,334,428,1,4
2017,"PÚBLICO","ISSSTE",4,"CAMPECHE","CONSULTA EXTERNA",5,3,46,19,27,0,0
2017,"PÚBLICO","ISSSTE",4,"CAMPECHE","HOSPITALIZACIÓN",76,15,365,137,218,1,2
2017,"PÚBLICO","ISSSTE",5,"COAHUILA DE ZARAGOZA","CONSULTA EXTERNA",5,2,135,89,46,0,0
2017,"PÚBLICO","ISSSTE",5,"COAHUILA DE ZARAGOZA","HOSPITALIZACIÓN",314,39,1277,540,704,2,7
2017,"PÚBLICO","ISSSTE",6,"COLIMA","CONSULTA EXTERNA",2,0,5,3,2,0,0
2017,"PÚBLICO","ISSSTE",6,"COLIMA","HOSPITALIZACIÓN",98,16,392,178,204,0,2
2017,"PÚBLICO","ISSSTE",7,"CHIAPAS","CONSULTA EXTERNA",0,0,192,106,86,0,0
2017,"PÚBLICO","ISSSTE",7,"CHIAPAS","HOSPITALIZACIÓN",202,33,744,334,389,2,4
2017,"PÚBLICO","ISSSTE",8,"CHIHUAHUA","CONSULTA EXTERNA",3,1,187,100,83,0,0
2017,"PÚBLICO","ISSSTE",8,"CHIHUAHUA","HOSPITALIZACIÓN",289,45,1040,372,625,2,5
2017,"PÚBLICO","ISSSTE",9,"CIUDAD DE MEXICO","CONSULTA EXTERNA",26,0,3258,1724,1504,0,0
2017,"PÚBLICO","ISSSTE",9,"CIUDAD DE MEXICO","HOSPITALIZACIÓN",2437,410,9687,2759,5679,8,8
2017,"PÚBLICO","ISSSTE",10,"DURANGO","CONSULTA EXTERNA",1,0,184,112,72,0,0
2017,"PÚBLICO","ISSSTE",10,"DURANGO","HOSPITALIZACIÓN",247,48,738,277,425,2,2
2017,"PÚBLICO","ISSSTE",11,"GUANAJUATO","CONSULTA EXTERNA",3,3,192,108,83,0,0
2017,"PÚBLICO","ISSSTE",11,"GUANAJUATO","HOSPITALIZACIÓN",323,54,1241,534,620,2,4
2017,"PÚBLICO","ISSSTE",12,"GUERRERO","CONSULTA EXTERNA",21,15,340,174,164,0,0
2017,"PÚBLICO","ISSSTE",12,"GUERRERO","HOSPITALIZACIÓN",301,73,1147,363,746,2,3
2017,"PÚBLICO","ISSSTE",13,"HIDALGO","CONSULTA EXTERNA",7,0,111,59,50,0,0
2017,"PÚBLICO","ISSSTE",13,"HIDALGO","HOSPITALIZACIÓN",229,69,741,287,432,1,3
2017,"PÚBLICO","ISSSTE",14,"JALISCO","CONSULTA EXTERNA",5,0,450,226,203,0,0
2017,"PÚBLICO","ISSSTE",14,"JALISCO","HOSPITALIZACIÓN",320,46,1484,424,843,1,3
2017,"PÚBLICO","ISSSTE",15,"MEXICO","CONSULTA EXTERNA",13,0,738,390,348,0,0
2017,"PÚBLICO","ISSSTE",15,"MEXICO","HOSPITALIZACIÓN",403,80,1511,540,919,2,2
2017,"PÚBLICO","ISSSTE",16,"MICHOACAN DE OCAMPO","CONSULTA EXTERNA",4,2,198,127,71,0,0
2017,"PÚBLICO","ISSSTE",16,"MICHOACAN DE OCAMPO","HOSPITALIZACIÓN",421,55,1615,645,921,1,9
2017,"PÚBLICO","ISSSTE",17,"MORELOS","CONSULTA EXTERNA",7,5,190,93,92,0,0
2017,"PÚBLICO","ISSSTE",17,"MORELOS","HOSPITALIZACIÓN",277,58,1106,458,612,1,2
2017,"PÚBLICO","ISSSTE",18,"NAYARIT","CONSULTA EXTERNA",7,4,160,81,75,0,0
2017,"PÚBLICO","ISSSTE",18,"NAYARIT","HOSPITALIZACIÓN",121,35,424,152,256,1,1
2017,"PÚBLICO","ISSSTE",19,"NUEVO LEON","CONSULTA EXTERNA",7,0,183,96,87,0,0
2017,"PÚBLICO","ISSSTE",19,"NUEVO LEON","HOSPITALIZACIÓN",213,45,1346,423,798,1,2
2017,"PÚBLICO","ISSSTE",20,"OAXACA","CONSULTA EXTERNA",6,2,283,157,123,0,0
2017,"PÚBLICO","ISSSTE",20,"OAXACA","HOSPITALIZACIÓN",258,29,1104,397,677,2,5
2017,"PÚBLICO","ISSSTE",21,"PUEBLA","CONSULTA EXTERNA",6,0,319,159,156,0,0
2017,"PÚBLICO","ISSSTE",21,"PUEBLA","HOSPITALIZACIÓN",282,53,1183,421,698,2,4
2017,"PÚBLICO","ISSSTE",22,"QUERETARO","CONSULTA EXTERNA",0,0,114,69,40,0,0
2017,"PÚBLICO","ISSSTE",22,"QUERETARO","HOSPITALIZACIÓN",119,17,458,163,279,1,1
2017,"PÚBLICO","ISSSTE",23,"QUINTANA ROO","CONSULTA EXTERNA",14,12,140,74,66,0,0
2017,"PÚBLICO","ISSSTE",23,"QUINTANA ROO","HOSPITALIZACIÓN",73,15,362,149,208,1,2
2017,"PÚBLICO","ISSSTE",24,"SAN LUIS POTOSI","CONSULTA EXTERNA",0,0,206,91,115,0,0
2017,"PÚBLICO","ISSSTE",24,"SAN LUIS POTOSI","HOSPITALIZACIÓN",169,32,772,285,469,2,5
2017,"PÚBLICO","ISSSTE",25,"SINALOA","CONSULTA EXTERNA",4,3,327,172,149,0,0
2017,"PÚBLICO","ISSSTE",25,"SINALOA","HOSPITALIZACIÓN",308,57,1202,449,668,2,3
2017,"PÚBLICO","ISSSTE",26,"SONORA","CONSULTA EXTERNA",21,4,211,104,104,0,1
2017,"PÚBLICO","ISSSTE",26,"SONORA","HOSPITALIZACIÓN",184,15,819,333,463,3,5
2017,"PÚBLICO","ISSSTE",27,"TABASCO","CONSULTA EXTERNA",0,0,139,86,53,0,0
2017,"PÚBLICO","ISSSTE",27,"TABASCO","HOSPITALIZACIÓN",99,25,393,147,236,1,1
2017,"PÚBLICO","ISSSTE",28,"TAMAULIPAS","CONSULTA EXTERNA",7,0,147,89,58,0,0
2017,"PÚBLICO","ISSSTE",28,"TAMAULIPAS","HOSPITALIZACIÓN",452,79,1342,551,738,6,7
2017,"PÚBLICO","ISSSTE",29,"TLAXCALA","CONSULTA EXTERNA",3,0,49,28,21,0,0
2017,"PÚBLICO","ISSSTE",29,"TLAXCALA","HOSPITALIZACIÓN",98,17,433,150,269,1,1
2017,"PÚBLICO","ISSSTE",30,"VERACRUZ DE IGNACIO DE LA LLAVE","CONSULTA EXTERNA",12,6,374,227,147,0,0
2017,"PÚBLICO","ISSSTE",30,"VERACRUZ DE IGNACIO DE LA LLAVE","HOSPITALIZACIÓN",439,45,1762,716,968,2,6
2017,"PÚBLICO","ISSSTE",31,"YUCATAN","CONSULTA EXTERNA",3,0,319,174,142,0,0
2017,"PÚBLICO","ISSSTE",31,"YUCATAN","HOSPITALIZACIÓN",168,44,569,206,334,1,1
2017,"PÚBLICO","ISSSTE",32,"ZACATECAS","CONSULTA EXTERNA",1,0,110,64,44,0,0
2017,"PÚBLICO","ISSSTE",32,"ZACATECAS","HOSPITALIZACIÓN",138,37,543,195,328,1,2
2017,"PÚBLICO","OTROS",1,"AGUASCALIENTES","CONSULTA EXTERNA",15,15,971,489,379,0,0
2017,"PÚBLICO","OTROS",1,"AGUASCALIENTES","ESTABLECIMIENTO DE APOYO",0,0,136,0,0,0,0
2017,"PÚBLICO","OTROS",1,"AGUASCALIENTES","HOSPITALIZACIÓN",539,121,1813,625,1075,2,2
2017,"PÚBLICO","OTROS",2,"BAJA CALIFORNIA","CONSULTA EXTERNA",104,51,1722,731,763,0,1
2017,"PÚBLICO","OTROS",2,"BAJA CALIFORNIA","HOSPITALIZACIÓN",1396,167,4268,1260,2507,5,8
2017,"PÚBLICO","OTROS",3,"BAJA CALIFORNIA SUR","CONSULTA EXTERNA",50,39,335,166,169,0,0
2017,"PÚBLICO","OTROS",3,"BAJA CALIFORNIA SUR","ESTABLECIMIENTO DE APOYO",0,0,105,0,26,0,0
2017,"PÚBLICO","OTROS",3,"BAJA CALIFORNIA SUR","HOSPITALIZACIÓN",346,57,1146,452,655,1,6
2017,"PÚBLICO","OTROS",4,"CAMPECHE","CONSULTA EXTERNA",37,25,566,208,273,0,1
2017,"PÚBLICO","OTROS",4,"CAMPECHE","HOSPITALIZACIÓN",335,75,1044,300,666,1,4
2017,"PÚBLICO","OTROS",5,"COAHUILA DE ZARAGOZA","CONSULTA EXTERNA",98,74,1646,646,836,0,0
2017,"PÚBLICO","OTROS",5,"COAHUILA DE ZARAGOZA","ESTABLECIMIENTO DE APOYO",0,0,343,0,172,0,0
2017,"PÚBLICO","OTROS",5,"COAHUILA DE ZARAGOZA","HOSPITALIZACIÓN",2436,403,6441,1724,4140,5,16
2017,"PÚBLICO","OTROS",6,"COLIMA","CONSULTA EXTERNA",26,26,297,156,141,0,0
2017,"PÚBLICO","OTROS",6,"COLIMA","ESTABLECIMIENTO DE APOYO",0,0,200,0,85,0,0
2017,"PÚBLICO","OTROS",6,"COLIMA","HOSPITALIZACIÓN",423,106,1346,423,830,2,3
2017,"PÚBLICO","OTROS",7,"CHIAPAS","CONSULTA EXTERNA",73,53,2263,875,1328,0,0
2017,"PÚBLICO","OTROS",7,"CHIAPAS","ESTABLECIMIENTO DE APOYO",0,0,447,0,244,0,0
2017,"PÚBLICO","OTROS",7,"CHIAPAS","HOSPITALIZACIÓN",919,191,2643,691,1727,2,14
2017,"PÚBLICO","OTROS",8,"CHIHUAHUA","CONSULTA EXTERNA",116,88,2029,883,964,0,0
2017,"PÚBLICO","OTROS",8,"CHIHUAHUA","ESTABLECIMIENTO DE APOYO",0,0,413,0,56,0,0
2017,"PÚBLICO","OTROS",8,"CHIHUAHUA","HOSPITALIZACIÓN",2036,365,4936,1287,3503,8,13
2017,"PÚBLICO","OTROS",9,"CIUDAD DE MEXICO","CONSULTA EXTERNA",259,167,6387,2955,2634,0,1
2017,"PÚBLICO","OTROS",9,"CIUDAD DE MEXICO","ESTABLECIMIENTO DE APOYO",0,0,36,18,18,0,0
2017,"PÚBLICO","OTROS",9,"CIUDAD DE MEXICO","HOSPITALIZACIÓN",7903,1205,26936,6782,16613,21,28
2017,"PÚBLICO","OTROS",10,"DURANGO","CONSULTA EXTERNA",53,34,1150,425,603,0,0
2017,"PÚBLICO","OTROS",10,"DURANGO","HOSPITALIZACIÓN",829,152,2430,642,1438,2,7
2017,"PÚBLICO","OTROS",11,"GUANAJUATO","CONSULTA EXTERNA",108,77,1459,750,583,0,0
2017,"PÚBLICO","OTROS",11,"GUANAJUATO","ESTABLECIMIENTO DE APOYO",0,0,484,0,417,0,0
2017,"PÚBLICO","OTROS",11,"GUANAJUATO","HOSPITALIZACIÓN",1703,303,5295,1664,3004,4,12
2017,"PÚBLICO","OTROS",12,"GUERRERO","CONSULTA EXTERNA",39,33,830,362,391,0,0
2017,"PÚBLICO","OTROS",12,"GUERRERO","HOSPITALIZACIÓN",663,121,2039,616,1218,2,7
2017,"PÚBLICO","OTROS",13,"HIDALGO","CONSULTA EXTERNA",69,27,957,331,538,0,1
2017,"PÚBLICO","OTROS",13,"HIDALGO","ESTABLECIMIENTO DE APOYO",0,0,164,0,80,0,0
2017,"PÚBLICO","OTROS",13,"HIDALGO","HOSPITALIZACIÓN",717,144,2201,697,1350,1,10
2017,"PÚBLICO","OTROS",14,"JALISCO","CONSULTA EXTERNA",570,343,4015,1817,1469,0,2
2017,"PÚBLICO","OTROS",14,"JALISCO","HOSPITALIZACIÓN",4361,731,12027,3005,7157,12,20
2017,"PÚBLICO","OTROS",15,"MEXICO","CONSULTA EXTERNA",153,113,4978,2405,2225,0,0
2017,"PÚBLICO","OTROS",15,"MEXICO","ESTABLECIMIENTO DE APOYO",0,0,464,0,93,0,0
2017,"PÚBLICO","OTROS",15,"MEXICO","HOSPITALIZACIÓN",4264,758,12091,3776,7519,10,19
2017,"PÚBLICO","OTROS",16,"MICHOACAN DE OCAMPO","CONSULTA EXTERNA",105,51,2183,707,1171,0,1
2017,"PÚBLICO","OTROS",16,"MICHOACAN DE OCAMPO","HOSPITALIZACIÓN",1370,272,4146,1109,2611,2,17
2017,"PÚBLICO","OTROS",17,"MORELOS","CONSULTA EXTERNA",26,26,446,242,204,0,0
2017,"PÚBLICO","OTROS",17,"MORELOS","ESTABLECIMIENTO DE APOYO",0,0,236,0,80,0,0
2017,"PÚBLICO","OTROS",17,"MORELOS","HOSPITALIZACIÓN",580,106,1757,640,1009,2,3
2017,"PÚBLICO","OTROS",18,"NAYARIT","CONSULTA EXTERNA",6,4,888,301,469,0,0
2017,"PÚBLICO","OTROS",18,"NAYARIT","ESTABLECIMIENTO DE APOYO",0,0,10,0,0,0,0
2017,"PÚBLICO","OTROS",18,"NAYARIT","HOSPITALIZACIÓN",401,70,1363,375,842,1,7
2017,"PÚBLICO","OTROS",19,"NUEVO LEON","CONSULTA EXTERNA",183,136,2949,1438,1184,0,0
2017,"PÚBLICO","OTROS",19,"NUEVO LEON","ESTABLECIMIENTO DE APOYO",0,0,493,0,59,0,0
2017,"PÚBLICO","OTROS",19,"NUEVO LEON","HOSPITALIZACIÓN",3955,541,10033,2609,6365,10,14
2017,"PÚBLICO","OTROS",20,"OAXACA","CONSULTA EXTERNA",43,33,1906,680,1070,0,0
2017,"PÚBLICO","OTROS",20,"OAXACA","ESTABLECIMIENTO DE APOYO",0,0,252,0,112,0,0
2017,"PÚBLICO","OTROS",20,"OAXACA","HOSPITALIZACIÓN",861,186,2386,634,1553,1,14
2017,"PÚBLICO","OTROS",21,"PUEBLA","CONSULTA EXTERNA",159,125,2448,885,1156,0,1
2017,"PÚBLICO","OTROS",21,"PUEBLA","HOSPITALIZACIÓN",2147,400,5641,1333,3374,5,15
2017,"PÚBLICO","OTROS",22,"QUERETARO","CONSULTA EXTERNA",19,13,1105,477,477,0,0
2017,"PÚBLICO","OTROS",22,"QUERETARO","HOSPITALIZACIÓN",529,82,1604,432,973,1,2
2017,"PÚBLICO","OTROS",23,"QUINTANA ROO","CONSULTA EXTERNA",29,29,445,217,178,0,0
2017,"PÚBLICO","OTROS",23,"QUINTANA ROO","ESTABLECIMIENTO DE APOYO",0,0,273,0,112,0,0
2017,"PÚBLICO","OTROS",23,"QUINTANA ROO","HOSPITALIZACIÓN",655,121,1792,613,1127,4,6
2017,"PÚBLICO","OTROS",24,"SAN LUIS POTOSI","CONSULTA EXTERNA",31,27,1473,568,721,0,0
2017,"PÚBLICO","OTROS",24,"SAN LUIS POTOSI","HOSPITALIZACIÓN",1168,212,3277,820,2026,4,11
2017,"PÚBLICO","OTROS",25,"SINALOA","CONSULTA EXTERNA",153,56,1561,646,719,0,0
2017,"PÚBLICO","OTROS",25,"SINALOA","ESTABLECIMIENTO DE APOYO",0,0,396,0,112,0,0
2017,"PÚBLICO","OTROS",25,"SINALOA","HOSPITALIZACIÓN",1363,228,3507,1081,2319,3,10
2017,"PÚBLICO","OTROS",26,"SONORA","CONSULTA EXTERNA",83,44,1449,643,605,0,1
2017,"PÚBLICO","OTROS",26,"SONORA","HOSPITALIZACIÓN",1911,371,5587,1553,3451,6,16
2017,"PÚBLICO","OTROS",27,"TABASCO","CONSULTA EXTERNA",53,53,535,265,215,0,0
2017,"PÚBLICO","OTROS",27,"TABASCO","ESTABLECIMIENTO DE APOYO",0,0,143,0,41,0,0
2017,"PÚBLICO","OTROS",27,"TABASCO","HOSPITALIZACIÓN",347,74,1061,344,686,1,3
2017,"PÚBLICO","OTROS",28,"TAMAULIPAS","CONSULTA EXTERNA",96,86,2158,836,896,0,0
2017,"PÚBLICO","OTROS",28,"TAMAULIPAS","HOSPITALIZACIÓN",1521,268,4051,1160,2641,8,12
2017,"PÚBLICO","OTROS",29,"TLAXCALA","CONSULTA EXTERNA",16,16,315,165,132,0,0
2017,"PÚBLICO","OTROS",29,"TLAXCALA","HOSPITALIZACIÓN",260,45,940,310,557,1,3
2017,"PÚBLICO","OTROS",30,"VERACRUZ DE IGNACIO DE LA LLAVE","CONSULTA EXTERNA",231,215,4044,1661,1947,0,0
2017,"PÚBLICO","OTROS",30,"VERACRUZ DE IGNACIO DE LA LLAVE","ESTABLECIMIENTO DE APOYO",0,0,1007,0,380,0,0
2017,"PÚBLICO","OTROS",30,"VERACRUZ DE IGNACIO DE LA LLAVE","HOSPITALIZACIÓN",2663,432,6989,1997,4526,6,24
2017,"PÚBLICO","OTROS",31,"YUCATAN","CONSULTA EXTERNA",63,43,1532,594,665,0,0
2017,"PÚBLICO","OTROS",31,"YUCATAN","HOSPITALIZACIÓN",1189,193,3667,936,2125,3,10
2017,"PÚBLICO","OTROS",32,"ZACATECAS","CONSULTA EXTERNA",27,26,978,294,482,0,0
2017,"PÚBLICO","OTROS",32,"ZACATECAS","HOSPITALIZACIÓN",575,113,1589,409,1016,2,7
2017,"PÚBLICO","PEMEX",4,"CAMPECHE","CONSULTA EXTERNA",0,0,33,33,0,0,0
2017,"PÚBLICO","PEMEX",4,"CAMPECHE","HOSPITALIZACIÓN",41,13,149,67,82,1,1
2017,"PÚBLICO","PEMEX",7,"CHIAPAS","CONSULTA EXTERNA",4,4,31,20,11,0,0
2017,"PÚBLICO","PEMEX",8,"CHIHUAHUA","CONSULTA EXTERNA",3,3,10,3,7,0,0
2017,"PÚBLICO","PEMEX",9,"CIUDAD DE MEXICO","CONSULTA EXTERNA",0,0,15,10,5,0,0
2017,"PÚBLICO","PEMEX",9,"CIUDAD DE MEXICO","HOSPITALIZACIÓN",387,58,1246,282,698,2,2
2017,"PÚBLICO","PEMEX",11,"GUANAJUATO","HOSPITALIZACIÓN",70,23,338,105,157,1,1
2017,"PÚBLICO","PEMEX",13,"HIDALGO","CONSULTA EXTERNA",2,2,44,22,22,0,0
2017,"PÚBLICO","PEMEX",13,"HIDALGO","HOSPITALIZACIÓN",21,4,144,71,73,0,1
2017,"PÚBLICO","PEMEX",14,"JALISCO","CONSULTA EXTERNA",5,5,36,17,19,0,0
2017,"PÚBLICO","PEMEX",15,"MEXICO","CONSULTA EXTERNA",2,2,32,21,11,0,0
2017,"PÚBLICO","PEMEX",19,"NUEVO LEON","CONSULTA EXTERNA",3,3,28,18,10,0,0
2017,"PÚBLICO","PEMEX",19,"NUEVO LEON","HOSPITALIZACIÓN",44,13,129,51,78,1,1
2017,"PÚBLICO","PEMEX",20,"OAXACA","CONSULTA EXTERNA",0,0,22,12,10,0,0
2017,"PÚBLICO","PEMEX",20,"OAXACA","HOSPITALIZACIÓN",44,8,183,71,112,1,1
2017,"PÚBLICO","PEMEX",21,"PUEBLA","CONSULTA EXTERNA",1,1,30,20,10,0,0
2017,"PÚBLICO","PEMEX",21,"PUEBLA","HOSPITALIZACIÓN",8,1,25,14,11,0,1
2017,"PÚBLICO","PEMEX",24,"SAN LUIS POTOSI","HOSPITALIZACIÓN",11,3,42,18,24,0,1
2017,"PÚBLICO","PEMEX",25,"SINALOA","CONSULTA EXTERNA",0,0,9,6,3,0,0
2017,"PÚBLICO","PEMEX",27,"TABASCO","CONSULTA EXTERNA",11,11,126,94,32,0,0
2017,"PÚBLICO","PEMEX",27,"TABASCO","HOSPITALIZACIÓN",186,36,716,255,385,1,3
2017,"PÚBLICO","PEMEX",28,"TAMAULIPAS","CONSULTA EXTERNA",7,7,128,80,48,0,0
2017,"PÚBLICO","PEMEX",28,"TAMAULIPAS","HOSPITALIZACIÓN",244,47,747,187,376,2,2
2017,"PÚBLICO","PEMEX",30,"VERACRUZ DE IGNACIO DE LA LLAVE","CONSULTA EXTERNA",7,7,209,139,70,0,0
2017,"PÚBLICO","PEMEX",30,"VERACRUZ DE IGNACIO DE LA LLAVE","HOSPITALIZACIÓN",358,67,1298,457,689,2,9
2017,"PÚBLICO","SEDENA",2,"BAJA CALIFORNIA","HOSPITALIZACIÓN",78,12,117,48,60,0,2
2017,"PÚBLICO","SEDENA",3,"BAJA CALIFORNIA SUR","HOSPITALIZACIÓN",52,8,48,26,22,0,1
2017,"PÚBLICO","SEDENA",5,"COAHUILA DE ZARAGOZA","HOSPITALIZACIÓN",47,8,24,12,12,0,1
2017,"PÚBLICO","SEDENA",7,"CHIAPAS","HOSPITALIZACIÓN",69,9,107,31,64,1,1
2017,"PÚBLICO","SEDENA",8,"CHIHUAHUA","HOSPITALIZACIÓN",80,11,98,37,42,1,2
2017,"PÚBLICO","SEDENA",9,"CIUDAD DE MEXICO","HOSPITALIZACIÓN",1222,114,2475,606,1056,2,7
2017,"PÚBLICO","SEDENA",10,"DURANGO","HOSPITALIZACIÓN",52,5,42,11,31,0,1
2017,"PÚBLICO","SEDENA",11,"GUANAJUATO","HOSPITALIZACIÓN",48,15,97,23,42,1,1
2017,"PÚBLICO","SEDENA",12,"GUERRERO","HOSPITALIZACIÓN",110,20,262,72,122,2,2
2017,"PÚBLICO","SEDENA",14,"JALISCO","HOSPITALIZACIÓN",139,14,273,83,125,1,2
2017,"PÚBLICO","SEDENA",15,"MEXICO","CONSULTA EXTERNA",0,0,28,17,11,0,0
2017,"PÚBLICO","SEDENA",15,"MEXICO","HOSPITALIZACIÓN",151,19,426,176,229,0,4
2017,"PÚBLICO","SEDENA",16,"MICHOACAN DE OCAMPO","HOSPITALIZACIÓN",47,4,25,16,9,0,1
2017,"PÚBLICO","SEDENA",17,"MORELOS","HOSPITALIZACIÓN",39,4,84,11,58,0,1
2017,"PÚBLICO","SEDENA",19,"NUEVO LEON","HOSPITALIZACIÓN",162,17,108,60,45,1,1
2017,"PÚBLICO","SEDENA",20,"OAXACA","HOSPITALIZACIÓN",92,19,92,34,45,0,2
2017,"PÚBLICO","SEDENA",21,"PUEBLA","HOSPITALIZACIÓN",103,16,155,29,77,0,1
2017,"PÚBLICO","SEDENA",23,"QUINTANA ROO","HOSPITALIZACIÓN",17,7,45,23,22,0,1
2017,"PÚBLICO","SEDENA",24,"SAN LUIS POTOSI","HOSPITALIZACIÓN",78,41,64,16,40,0,1
2017,"PÚBLICO","SEDENA",25,"SINALOA","HOSPITALIZACIÓN",15,6,177,40,104,1,1
2017,"PÚBLICO","SEDENA",26,"SONORA","HOSPITALIZACIÓN",30,3,65,21,37,0,1
2017,"PÚBLICO","SEDENA",27,"TABASCO","HOSPITALIZACIÓN",40,6,67,19,42,0,1
2017,"PÚBLICO","SEDENA",28,"TAMAULIPAS","HOSPITALIZACIÓN",44,11,102,25,61,0,1
2017,"PÚBLICO","SEDENA",30,"VERACRUZ DE IGNACIO DE LA LLAVE","HOSPITALIZACIÓN",77,9,157,40,95,1,2
2017,"PÚBLICO","SEDENA",31,"YUCATAN","HOSPITALIZACIÓN",97,29,158,35,85,1,1
2017,"PÚBLICO","SEDENA",32,"ZACATECAS","HOSPITALIZACIÓN",43,4,57,18,39,0,1
2017,"PÚBLICO","SEMAR",2,"BAJA CALIFORNIA","HOSPITALIZACIÓN",35,7,37,19,18,1,1
2017,"PÚBLICO","SEMAR",3,"BAJA CALIFORNIA SUR","HOSPITALIZACIÓN",27,5,43,20,23,0,2
2017,"PÚBLICO","SEMAR",4,"CAMPECHE","HOSPITALIZACIÓN",59,14,67,43,24,0,3
2017,"PÚBLICO","SEMAR",6,"COLIMA","HOSPITALIZACIÓN",44,3,82,29,53,0,1
2017,"PÚBLICO","SEMAR",7,"CHIAPAS","CONSULTA EXTERNA",0,0,11,4,7,0,0
2017,"PÚBLICO","SEMAR",7,"CHIAPAS","HOSPITALIZACIÓN",20,0,54,28,26,0,1
2017,"PÚBLICO","SEMAR",9,"CIUDAD DE MEXICO","CONSULTA EXTERNA",13,13,108,77,31,0,0
2017,"PÚBLICO","SEMAR",9,"CIUDAD DE MEXICO","HOSPITALIZACIÓN",232,50,629,288,341,1,1
2017,"PÚBLICO","SEMAR",12,"GUERRERO","HOSPITALIZACIÓN",87,13,120,40,80,1,2
2017,"PÚBLICO","SEMAR",14,"JALISCO","HOSPITALIZACIÓN",44,8,41,17,24,1,1
2017,"PÚBLICO","SEMAR",16,"MICHOACAN DE OCAMPO","HOSPITALIZACIÓN",74,14,59,23,36,1,1
2017,"PÚBLICO","SEMAR",18,"NAYARIT","HOSPITALIZACIÓN",9,1,19,9,10,0,0
2017,"PÚBLICO","SEMAR",20,"OAXACA","HOSPITALIZACIÓN",89,7,99,42,57,1,2
2017,"PÚBLICO","SEMAR",23,"QUINTANA ROO","HOSPITALIZACIÓN",51,7,76,34,42,0,2
2017,"PÚBLICO","SEMAR",25,"SINALOA","HOSPITALIZACIÓN",60,11,86,35,51,1,2
2017,"PÚBLICO","SEMAR",26,"SONORA","HOSPITALIZACIÓN",43,9,66,33,33,0,2
2017,"PÚBLICO","SEMAR",27,"TABASCO","HOSPITALIZACIÓN",30,5,25,7,18,1,0
2017,"PÚBLICO","SEMAR",28,"TAMAULIPAS","HOSPITALIZACIÓN",89,14,106,28,78,2,2
2017,"PÚBLICO","SEMAR",30,"VERACRUZ DE IGNACIO DE LA LLAVE","CONSULTA EXTERNA",35,3,9,4,5,0,1
2017,"PÚBLICO","SEMAR",30,"VERACRUZ DE IGNACIO DE LA LLAVE","HOSPITALIZACIÓN",154,19,410,181,229,1,2
2017,"PÚBLICO","SEMAR",31,"YUCATAN","HOSPITALIZACIÓN",14,1,33,13,20,0,1
2017,"PÚBLICO","SME",1,"AGUASCALIENTES","CONSULTA EXTERNA",0,0,3,3,0,0,0
2017,"PÚBLICO","SME",2,"BAJA CALIFORNIA","CONSULTA EXTERNA",35,14,297,176,84,0,2
2017,"PÚBLICO","SME",2,"BAJA CALIFORNIA","HOSPITALIZACIÓN",298,60,977,364,538,3,4
2017,"PÚBLICO","SME",5,"COAHUILA DE ZARAGOZA","CONSULTA EXTERNA",52,14,104,62,42,0,0
2017,"PÚBLICO","SME",5,"COAHUILA DE ZARAGOZA","HOSPITALIZACIÓN",107,22,465,232,233,0,0
2017,"PÚBLICO","SME",7,"CHIAPAS","CONSULTA EXTERNA",0,0,125,98,27,0,0
2017,"PÚBLICO","SME",7,"CHIAPAS","HOSPITALIZACIÓN",202,47,612,364,248,0,0
2017,"PÚBLICO","SME",8,"CHIHUAHUA","CONSULTA EXTERNA",10,6,126,87,35,0,0
2017,"PÚBLICO","SME",9,"CIUDAD DE MEXICO","CONSULTA EXTERNA",22,19,230,124,106,0,0
2017,"PÚBLICO","SME",9,"CIUDAD DE MEXICO","ESTABLECIMIENTO DE APOYO",0,0,9,4,5,0,0
2017,"PÚBLICO","SME",9,"CIUDAD DE MEXICO","HOSPITALIZACIÓN",30,0,0,0,0,0,0
2017,"PÚBLICO","SME",15,"MEXICO","CONSULTA EXTERNA",57,4,816,448,368,0,5
2017,"PÚBLICO","SME",15,"MEXICO","HOSPITALIZACIÓN",1265,269,2973,1046,1927,6,14
2017,"PÚBLICO","SME",18,"NAYARIT","ASISTENCIA SOCIAL",10,0,11,6,5,0,0
2017,"PÚBLICO","SME",18,"NAYARIT","CONSULTA EXTERNA",0,0,1,1,0,0,0
2017,"PÚBLICO","SME",18,"NAYARIT","HOSPITALIZACIÓN",35,3,26,10,16,0,1
2017,"PÚBLICO","SME",19,"NUEVO LEON","CONSULTA EXTERNA",162,18,348,150,188,0,0
2017,"PÚBLICO","SME",19,"NUEVO LEON","HOSPITALIZACIÓN",134,14,313,122,191,0,0
2017,"PÚBLICO","SME",20,"OAXACA","CONSULTA EXTERNA",14,0,43,27,16,0,3
2017,"PÚBLICO","SME",21,"PUEBLA","CONSULTA EXTERNA",159,31,264,217,45,0,1
2017,"PÚBLICO","SME",21,"PUEBLA","HOSPITALIZACIÓN",305,52,896,254,496,2,3
2017,"PÚBLICO","SME",24,"SAN LUIS POTOSI","HOSPITALIZACIÓN",28,0,22,7,8,0,0
2017,"PÚBLICO","SME",25,"SINALOA","HOSPITALIZACIÓN",320,72,1100,337,540,1,2
2017,"PÚBLICO","SME",26,"SONORA","CONSULTA EXTERNA",4,0,230,138,69,0,0
2017,"PÚBLICO","SME",26,"SONORA","HOSPITALIZACIÓN",281,77,1032,474,522,2,4
2017,"PÚBLICO","SME",27,"TABASCO","CONSULTA EXTERNA",0,0,156,117,39,0,0
2017,"PÚBLICO","SME",27,"TABASCO","HOSPITALIZACIÓN",140,34,564,213,299,0,0
2017,"PÚBLICO","SME",30,"VERACRUZ DE IGNACIO DE LA LLAVE","HOSPITALIZACIÓN",0,0,6,0,6,0,1
2017,"PÚBLICO","SME",31,"YUCATAN","HOSPITALIZACIÓN",48,12,120,36,68,1,1
2017,"PÚBLICO","SSA",1,"AGUASCALIENTES","CONSULTA EXTERNA",29,0,884,269,501,0,0
2017,"PÚBLICO","SSA",1,"AGUASCALIENTES","HOSPITALIZACIÓN",652,116,2586,724,1648,2,7
2017,"PÚBLICO","SSA",2,"BAJA CALIFORNIA","CONSULTA EXTERNA",91,15,1493,404,767,0,3
2017,"PÚBLICO","SSA",2,"BAJA CALIFORNIA","HOSPITALIZACIÓN",961,187,3197,674,2158,3,6
2017,"PÚBLICO","SSA",3,"BAJA CALIFORNIA SUR","CONSULTA EXTERNA",71,6,524,177,268,0,1
2017,"PÚBLICO","SSA",3,"BAJA CALIFORNIA SUR","HOSPITALIZACIÓN",390,74,1130,319,739,1,6
2017,"PÚBLICO","SSA",4,"CAMPECHE","CONSULTA EXTERNA",64,22,796,333,386,0,0
2017,"PÚBLICO","SSA",4,"CAMPECHE","HOSPITALIZACIÓN",696,135,1663,442,1067,3,11
2017,"PÚBLICO","SSA",5,"COAHUILA DE ZARAGOZA","CONSULTA EXTERNA",71,14,1203,357,701,0,3
2017,"PÚBLICO","SSA",5,"COAHUILA DE ZARAGOZA","HOSPITALIZACIÓN",1004,148,2674,747,1794,5,15
2017,"PÚBLICO","SSA",6,"COLIMA","CONSULTA EXTERNA",221,3,862,281,462,0,0
2017,"PÚBLICO","SSA",6,"COLIMA","HOSPITALIZACIÓN",415,50,1181,341,736,3,5
2017,"PÚBLICO","SSA",7,"CHIAPAS","CONSULTA EXTERNA",441,57,4777,1655,2833,0,18
2017,"PÚBLICO","SSA",7,"CHIAPAS","HOSPITALIZACIÓN",2043,370,9027,2499,6103,9,34
2017,"PÚBLICO","SSA",8,"CHIHUAHUA","CONSULTA EXTERNA",319,114,2101,626,1241,0,3
2017,"PÚBLICO","SSA",8,"CHIHUAHUA","HOSPITALIZACIÓN",1669,286,5389,1222,3829,10,19
2017,"PÚBLICO","SSA",9,"CIUDAD DE MEXICO","CONSULTA EXTERNA",51,5,5913,2881,2553,0,0
2017,"PÚBLICO","SSA",9,"CIUDAD DE MEXICO","HOSPITALIZACIÓN",8179,998,25443,7461,15254,33,55
2017,"PÚBLICO","SSA",10,"DURANGO","CONSULTA EXTERNA",31,0,1091,416,526,0,0
2017,"PÚBLICO","SSA",10,"DURANGO","HOSPITALIZACIÓN",986,102,2666,809,1579,3,26
2017,"PÚBLICO","SSA",11,"GUANAJUATO","CONSULTA EXTERNA",362,17,4864,1461,2963,0,0
2017,"PÚBLICO","SSA",11,"GUANAJUATO","HOSPITALIZACIÓN",2785,478,8486,2571,5484,12,41
2017,"PÚBLICO","SSA",12,"GUERRERO","CONSULTA EXTERNA",1118,325,5166,1973,2882,0,2
2017,"PÚBLICO","SSA",12,"GUERRERO","HOSPITALIZACIÓN",1667,234,6314,2162,3829,7,40
2017,"PÚBLICO","SSA",13,"HIDALGO","CONSULTA EXTERNA",629,39,3684,1163,2066,0,0
2017,"PÚBLICO","SSA",13,"HIDALGO","HOSPITALIZACIÓN",1147,153,3249,1048,2018,4,16
2017,"PÚBLICO","SSA",14,"JALISCO","CONSULTA EXTERNA",536,3,4865,1649,2379,0,0
2017,"PÚBLICO","SSA",14,"JALISCO","HOSPITALIZACIÓN",3552,329,11338,2570,7223,3,39
2017,"PÚBLICO","SSA",15,"MEXICO","CONSULTA EXTERNA",362,4,9967,3406,5433,0,3
2017,"PÚBLICO","SSA",15,"MEXICO","HOSPITALIZACIÓN",6026,872,18630,5079,12333,24,69
2017,"PÚBLICO","SSA",16,"MICHOACAN DE OCAMPO","CONSULTA EXTERNA",397,18,3570,1281,1782,0,1
2017,"PÚBLICO","SSA",16,"MICHOACAN DE OCAMPO","HOSPITALIZACIÓN",1687,205,4990,1686,2868,3,27
2017,"PÚBLICO","SSA",17,"MORELOS","CONSULTA EXTERNA",219,6,1697,509,933,0,1
2017,"PÚBLICO","SSA",17,"MORELOS","HOSPITALIZACIÓN",655,150,2637,787,1692,3,11
2017,"PÚBLICO","SSA",18,"NAYARIT","CONSULTA EXTERNA",287,27,1287,446,692,0,0
2017,"PÚBLICO","SSA",18,"NAYARIT","HOSPITALIZACIÓN",524,119,1676,509,999,1,12
2017,"PÚBLICO","SSA",19,"NUEVO LEON","CONSULTA EXTERNA",31,25,2305,645,1049,0,0
2017,"PÚBLICO","SSA",19,"NUEVO LEON","HOSPITALIZACIÓN",946,114,3172,678,2067,2,9
2017,"PÚBLICO","SSA",20,"OAXACA","CONSULTA EXTERNA",2054,11,4212,1672,2144,0,9
2017,"PÚBLICO","SSA",20,"OAXACA","HOSPITALIZACIÓN",1857,340,4733,1557,2826,4,36
2017,"PÚBLICO","SSA",21,"PUEBLA","CONSULTA EXTERNA",1246,119,4934,1619,2608,0,3
2017,"PÚBLICO","SSA",21,"PUEBLA","HOSPITALIZACIÓN",3216,585,7360,2182,4481,14,53
2017,"PÚBLICO","SSA",22,"QUERETARO","CONSULTA EXTERNA",211,10,1646,612,737,0,3
2017,"PÚBLICO","SSA",22,"QUERETARO","HOSPITALIZACIÓN",859,197,2564,740,1605,4,5
2017,"PÚBLICO","SSA",23,"QUINTANA ROO","CONSULTA EXTERNA",18,0,999,369,542,0,0
2017,"PÚBLICO","SSA",23,"QUINTANA ROO","HOSPITALIZACIÓN",699,123,2164,685,1377,4,10
2017,"PÚBLICO","SSA",24,"SAN LUIS POTOSI","CONSULTA EXTERNA",111,17,1905,635,1003,0,2
2017,"PÚBLICO","SSA",24,"SAN LUIS POTOSI","HOSPITALIZACIÓN",1336,188,3220,769,1918,5,15
2017,"PÚBLICO","SSA",25,"SINALOA","CONSULTA EXTERNA",75,13,1953,786,895,0,1
2017,"PÚBLICO","SSA",25,"SINALOA","HOSPITALIZACIÓN",1252,219,4257,1300,2540,5,22
2017,"PÚBLICO","SSA",26,"SONORA","CONSULTA EXTERNA",176,15,1553,436,876,0,1
2017,"PÚBLICO","SSA",26,"SONORA","HOSPITALIZACIÓN",1558,181,3972,1081,2344,3,18
2017,"PÚBLICO","SSA",27,"TABASCO","CONSULTA EXTERNA",343,16,2477,1078,1094,0,0
2017,"PÚBLICO","SSA",27,"TABASCO","HOSPITALIZACIÓN",1591,271,4955,1543,2903,5,23
2017,"PÚBLICO","SSA",28,"TAMAULIPAS","CONSULTA EXTERNA",183,14,2613,758,1509,0,0
2017,"PÚBLICO","SSA",28,"TAMAULIPAS","HOSPITALIZACIÓN",1896,298,6305,1683,4060,11,21
2017,"PÚBLICO","SSA",29,"TLAXCALA","CONSULTA EXTERNA",363,0,1398,565,634,0,0
2017,"PÚBLICO","SSA",29,"TLAXCALA","HOSPITALIZACIÓN",660,122,2262,752,1437,4,12
2017,"PÚBLICO","SSA",30,"VERACRUZ DE IGNACIO DE LA LLAVE","CONSULTA EXTERNA",94,11,5380,2365,2712,0,3
2017,"PÚBLICO","SSA",30,"VERACRUZ DE IGNACIO DE LA LLAVE","HOSPITALIZACIÓN",3333,472,8928,2719,5723,9,56
2017,"PÚBLICO","SSA",31,"YUCATAN","CONSULTA EXTERNA",72,15,1717,496,1028,0,0
2017,"PÚBLICO","SSA",31,"YUCATAN","HOSPITALIZACIÓN",1114,172,3381,941,2153,3,8
2017,"PÚBLICO","SSA",32,"ZACATECAS","CONSULTA EXTERNA",317,31,1210,466,614,0,0
2017,"PÚBLICO","SSA",32,"ZACATECAS","HOSPITALIZACIÓN",718,106,3027,906,1928,3,17
2018,"PÚBLICO","IMSS PROSPERA",2,"BAJA CALIFORNIA","CONSULTA EXTERNA",0,0,47,9,27,0,0
2018,"PÚBLICO","IMSS PROSPERA",2,"BAJA CALIFORNIA","HOSPITALIZACIÓN",46,14,105,18,70,0,1
2018,"PÚBLICO","IMSS PROSPERA",3,"BAJA CALIFORNIA SUR","CONSULTA EXTERNA",0,0,10,5,5,0,0
2018,"PÚBLICO","IMSS PROSPERA",4,"CAMPECHE","CONSULTA EXTERNA",0,0,111,36,62,0,0
2018,"PÚBLICO","IMSS PROSPERA",4,"CAMPECHE","HOSPITALIZACIÓN",91,23,197,31,142,0,2
2018,"PÚBLICO","IMSS PROSPERA",5,"COAHUILA DE ZARAGOZA","CONSULTA EXTERNA",0,0,212,28,134,0,0
2018,"PÚBLICO","IMSS PROSPERA",5,"COAHUILA DE ZARAGOZA","HOSPITALIZACIÓN",141,31,304,40,212,0,3
2018,"PÚBLICO","IMSS PROSPERA",7,"CHIAPAS","CONSULTA EXTERNA",8,0,1544,527,958,0,0
2018,"PÚBLICO","IMSS PROSPERA",7,"CHIAPAS","HOSPITALIZACIÓN",480,113,1310,215,857,0,10
2018,"PÚBLICO","IMSS PROSPERA",8,"CHIHUAHUA","CONSULTA EXTERNA",19,0,380,39,271,0,0
2018,"PÚBLICO","IMSS PROSPERA",8,"CHIHUAHUA","HOSPITALIZACIÓN",126,25,364,35,260,0,3
2018,"PÚBLICO","IMSS PROSPERA",9,"CIUDAD DE MEXICO","CONSULTA EXTERNA",0,0,147,74,73,0,0
2018,"PÚBLICO","IMSS PROSPERA",10,"DURANGO","CONSULTA EXTERNA",34,0,428,70,280,0,0
2018,"PÚBLICO","IMSS PROSPERA",10,"DURANGO","HOSPITALIZACIÓN",120,27,292,34,175,0,3
2018,"PÚBLICO","IMSS PROSPERA",11,"GUANAJUATO","CONSULTA EXTERNA",0,0,24,10,14,0,0
2018,"PÚBLICO","IMSS PROSPERA",12,"GUERRERO","CONSULTA EXTERNA",0,0,175,86,89,0,0
2018,"PÚBLICO","IMSS PROSPERA",12,"GUERRERO","HOSPITALIZACIÓN",47,12,78,16,56,0,1
2018,"PÚBLICO","IMSS PROSPERA",13,"HIDALGO","CONSULTA EXTERNA",0,0,628,129,398,0,0
2018,"PÚBLICO","IMSS PROSPERA",13,"HIDALGO","HOSPITALIZACIÓN",253,48,525,74,352,0,4
2018,"PÚBLICO","IMSS PROSPERA",14,"JALISCO","CONSULTA EXTERNA",0,0,22,11,11,0,0
2018,"PÚBLICO","IMSS PROSPERA",15,"MEXICO","CONSULTA EXTERNA",0,0,185,89,96,0,0
2018,"PÚBLICO","IMSS PROSPERA",15,"MEXICO","HOSPITALIZACIÓN",98,27,172,41,119,0,2
2018,"PÚBLICO","IMSS PROSPERA",16,"MICHOACAN DE OCAMPO","CONSULTA EXTERNA",5,0,948,154,584,0,0
2018,"PÚBLICO","IMSS PROSPERA",16,"MICHOACAN DE OCAMPO","HOSPITALIZACIÓN",326,81,742,132,524,0,7
2018,"PÚBLICO","IMSS PROSPERA",17,"MORELOS","CONSULTA EXTERNA",0,0,8,4,4,0,0
2018,"PÚBLICO","IMSS PROSPERA",18,"NAYARIT","CONSULTA EXTERNA",2,0,217,51,147,0,0
2018,"PÚBLICO","IMSS PROSPERA",18,"NAYARIT","HOSPITALIZACIÓN",57,11,144,17,96,0,2
2018,"PÚBLICO","IMSS PROSPERA",19,"NUEVO LEON","CONSULTA EXTERNA",0,0,5,2,3,0,0
2018,"PÚBLICO","IMSS PROSPERA",20,"OAXACA","CONSULTA EXTERNA",10,0,1332,429,800,0,0
2018,"PÚBLICO","IMSS PROSPERA",20,"OAXACA","HOSPITALIZACIÓN",396,99,1064,179,698,0,9
2018,"PÚBLICO","IMSS PROSPERA",21,"PUEBLA","CONSULTA EXTERNA",5,0,801,165,465,0,0
2018,"PÚBLICO","IMSS PROSPERA",21,"PUEBLA","HOSPITALIZACIÓN",382,92,775,108,507,0,7
2018,"PÚBLICO","IMSS PROSPERA",22,"QUERETARO","CONSULTA EXTERNA",0,0,19,10,9,0,0
2018,"PÚBLICO","IMSS PROSPERA",24,"SAN LUIS POTOSI","CONSULTA EXTERNA",3,0,582,125,360,0,0
2018,"PÚBLICO","IMSS PROSPERA",24,"SAN LUIS POTOSI","HOSPITALIZACIÓN",253,56,567,82,397,0,5
2018,"PÚBLICO","IMSS PROSPERA",25,"SINALOA","CONSULTA EXTERNA",0,0,296,50,182,0,0
2018,"PÚBLICO","IMSS PROSPERA",25,"SINALOA","HOSPITALIZACIÓN",76,21,201,26,129,0,2
2018,"PÚBLICO","IMSS PROSPERA",26,"SONORA","CONSULTA EXTERNA",0,0,9,4,5,0,0
2018,"PÚBLICO","IMSS PROSPERA",28,"TAMAULIPAS","CONSULTA EXTERNA",0,0,241,70,154,0,0
2018,"PÚBLICO","IMSS PROSPERA",28,"TAMAULIPAS","HOSPITALIZACIÓN",141,39,283,67,178,0,4
2018,"PÚBLICO","IMSS PROSPERA",29,"TLAXCALA","CONSULTA EXTERNA",0,0,10,5,5,0,0
2018,"PÚBLICO","IMSS PROSPERA",30,"VERACRUZ DE IGNACIO DE LA LLAVE","CONSULTA EXTERNA",16,0,1482,399,933,0,0
2018,"PÚBLICO","IMSS PROSPERA",30,"VERACRUZ DE IGNACIO DE LA LLAVE","HOSPITALIZACIÓN",315,74,689,130,470,0,6
2018,"PÚBLICO","IMSS PROSPERA",31,"YUCATAN","CONSULTA EXTERNA",0,0,359,56,182,0,0
2018,"PÚBLICO","IMSS PROSPERA",31,"YUCATAN","HOSPITALIZACIÓN",176,45,475,62,329,0,4
2018,"PÚBLICO","IMSS PROSPERA",32,"ZACATECAS","CONSULTA EXTERNA",0,0,432,71,270,0,0
2018,"PÚBLICO","IMSS PROSPERA",32,"ZACATECAS","HOSPITALIZACIÓN",208,44,529,78,381,0,5
2018,"PÚBLICO","ISSSTE",1,"AGUASCALIENTES","CONSULTA EXTERNA",1,0,109,59,50,0,0
2018,"PÚBLICO","ISSSTE",1,"AGUASCALIENTES","HOSPITALIZACIÓN",101,15,462,173,288,1,1
2018,"PÚBLICO","ISSSTE",2,"BAJA CALIFORNIA","CONSULTA EXTERNA",6,1,93,42,49,0,0
2018,"PÚBLICO","ISSSTE",2,"BAJA CALIFORNIA","HOSPITALIZACIÓN",200,28,899,412,479,3,3
2018,"PÚBLICO","ISSSTE",3,"BAJA CALIFORNIA SUR","CONSULTA EXTERNA",8,4,62,34,28,0,0
2018,"PÚBLICO","ISSSTE",3,"BAJA CALIFORNIA SUR","HOSPITALIZACIÓN",163,23,785,351,434,1,4
2018,"PÚBLICO","ISSSTE",4,"CAMPECHE","CONSULTA EXTERNA",5,3,46,19,27,0,0
2018,"PÚBLICO","ISSSTE",4,"CAMPECHE","HOSPITALIZACIÓN",76,14,363,144,217,1,2
2018,"PÚBLICO","ISSSTE",5,"COAHUILA DE ZARAGOZA","CONSULTA EXTERNA",6,3,140,90,50,0,0
2018,"PÚBLICO","ISSSTE",5,"COAHUILA DE ZARAGOZA","HOSPITALIZACIÓN",299,43,1302,574,724,2,7
2018,"PÚBLICO","ISSSTE",6,"COLIMA","CONSULTA EXTERNA",2,0,6,4,2,0,0
2018,"PÚBLICO","ISSSTE",6,"COLIMA","HOSPITALIZACIÓN",82,14,396,187,209,0,2
2018,"PÚBLICO","ISSSTE",7,"CHIAPAS","CONSULTA EXTERNA",0,0,197,105,92,0,0
2018,"PÚBLICO","ISSSTE",7,"CHIAPAS","HOSPITALIZACIÓN",192,30,811,349,462,2,4
2018,"PÚBLICO","ISSSTE",8,"CHIHUAHUA","CONSULTA EXTERNA",4,2,186,93,88,0,0
2018,"PÚBLICO","ISSSTE",8,"CHIHUAHUA","HOSPITALIZACIÓN",273,37,1045,414,622,2,5
2018,"PÚBLICO","ISSSTE",9,"CIUDAD DE MEXICO","CONSULTA EXTERNA",32,0,3113,1598,1489,0,0
2018,"PÚBLICO","ISSSTE",9,"CIUDAD DE MEXICO","ESTABLECIMIENTO DE APOYO",0,0,23,6,17,0,0
2018,"PÚBLICO","ISSSTE",9,"CIUDAD DE MEXICO","HOSPITALIZACIÓN",2223,261,9804,3104,5721,8,8
2018,"PÚBLICO","ISSSTE",10,"DURANGO","CONSULTA EXTERNA",1,0,184,113,71,0,0
2018,"PÚBLICO","ISSSTE",10,"DURANGO","HOSPITALIZACIÓN",238,35,744,303,435,2,2
2018,"PÚBLICO","ISSSTE",11,"GUANAJUATO","CONSULTA EXTERNA",3,3,192,108,83,0,0
2018,"PÚBLICO","ISSSTE",11,"GUANAJUATO","HOSPITALIZACIÓN",300,44,1182,547,596,2,4
2018,"PÚBLICO","ISSSTE",12,"GUERRERO","CONSULTA EXTERNA",20,11,355,180,173,0,0
2018,"PÚBLICO","ISSSTE",12,"GUERRERO","HOSPITALIZACIÓN",295,70,1150,399,750,2,3
2018,"PÚBLICO","ISSSTE",13,"HIDALGO","CONSULTA EXTERNA",7,0,112,58,53,0,0
2018,"PÚBLICO","ISSSTE",13,"HIDALGO","HOSPITALIZACIÓN",202,56,747,306,438,1,3
2018,"PÚBLICO","ISSSTE",14,"JALISCO","CONSULTA EXTERNA",6,1,451,224,205,0,0
2018,"PÚBLICO","ISSSTE",14,"JALISCO","HOSPITALIZACIÓN",291,27,1445,460,808,1,3
2018,"PÚBLICO","ISSSTE",15,"MEXICO","CONSULTA EXTERNA",13,0,803,414,389,0,0
2018,"PÚBLICO","ISSSTE",15,"MEXICO","HOSPITALIZACIÓN",414,53,1524,604,920,2,2
2018,"PÚBLICO","ISSSTE",16,"MICHOACAN DE OCAMPO","CONSULTA EXTERNA",4,2,202,127,75,0,0
2018,"PÚBLICO","ISSSTE",16,"MICHOACAN DE OCAMPO","HOSPITALIZACIÓN",402,41,1599,668,921,1,9
2018,"PÚBLICO","ISSSTE",17,"MORELOS","CONSULTA EXTERNA",2,0,194,98,93,0,0
2018,"PÚBLICO","ISSSTE",17,"MORELOS","HOSPITALIZACIÓN",254,44,1137,486,648,1,2
2018,"PÚBLICO","ISSSTE",18,"NAYARIT","CONSULTA EXTERNA",9,6,156,79,73,0,0
2018,"PÚBLICO","ISSSTE",18,"NAYARIT","HOSPITALIZACIÓN",123,32,430,170,260,1,1
2018,"PÚBLICO","ISSSTE",19,"NUEVO LEON","CONSULTA EXTERNA",7,0,188,98,90,0,0
2018,"PÚBLICO","ISSSTE",19,"NUEVO LEON","HOSPITALIZACIÓN",179,20,1355,446,808,1,2
2018,"PÚBLICO","ISSSTE",20,"OAXACA","CONSULTA EXTERNA",6,2,290,158,130,0,0
2018,"PÚBLICO","ISSSTE",20,"OAXACA","HOSPITALIZACIÓN",283,59,1111,420,688,2,5
2018,"PÚBLICO","ISSSTE",21,"PUEBLA","CONSULTA EXTERNA",6,0,323,159,160,0,0
2018,"PÚBLICO","ISSSTE",21,"PUEBLA","HOSPITALIZACIÓN",258,33,1183,438,697,2,4
2018,"PÚBLICO","ISSSTE",22,"QUERETARO","CONSULTA EXTERNA",0,0,122,75,42,0,0
2018,"PÚBLICO","ISSSTE",22,"QUERETARO","HOSPITALIZACIÓN",113,14,476,182,294,1,1
2018,"PÚBLICO","ISSSTE",23,"QUINTANA ROO","CONSULTA EXTERNA",14,12,141,75,66,0,0
2018,"PÚBLICO","ISSSTE",23,"QUINTANA ROO","HOSPITALIZACIÓN",72,15,368,154,213,1,2
2018,"PÚBLICO","ISSSTE",24,"SAN LUIS POTOSI","CONSULTA EXTERNA",0,0,207,90,114,0,0
2018,"PÚBLICO","ISSSTE",24,"SAN LUIS POTOSI","HOSPITALIZACIÓN",161,27,778,302,472,2,5
2018,"PÚBLICO","ISSSTE",25,"SINALOA","CONSULTA EXTERNA",4,3,319,169,144,0,0
2018,"PÚBLICO","ISSSTE",25,"SINALOA","HOSPITALIZACIÓN",290,45,1165,471,646,2,3
2018,"PÚBLICO","ISSSTE",26,"SONORA","CONSULTA EXTERNA",18,3,205,103,99,0,0
2018,"PÚBLICO","ISSSTE",26,"SONORA","HOSPITALIZACIÓN",171,14,818,351,467,3,5
2018,"PÚBLICO","ISSSTE",27,"TABASCO","CONSULTA EXTERNA",0,0,143,83,60,0,0
2018,"PÚBLICO","ISSSTE",27,"TABASCO","HOSPITALIZACIÓN",96,22,393,154,239,1,1
2018,"PÚBLICO","ISSSTE",28,"TAMAULIPAS","CONSULTA EXTERNA",7,0,154,84,67,0,0
2018,"PÚBLICO","ISSSTE",28,"TAMAULIPAS","HOSPITALIZACIÓN",428,69,1334,586,747,6,7
2018,"PÚBLICO","ISSSTE",29,"TLAXCALA","CONSULTA EXTERNA",3,0,49,28,21,0,0
2018,"PÚBLICO","ISSSTE",29,"TLAXCALA","HOSPITALIZACIÓN",95,14,433,163,268,1,1
2018,"PÚBLICO","ISSSTE",30,"VERACRUZ DE IGNACIO DE LA LLAVE","CONSULTA EXTERNA",13,7,390,237,152,0,0
2018,"PÚBLICO","ISSSTE",30,"VERACRUZ DE IGNACIO DE LA LLAVE","HOSPITALIZACIÓN",416,40,1817,759,1022,2,6
2018,"PÚBLICO","ISSSTE",31,"YUCATAN","CONSULTA EXTERNA",3,0,307,165,138,0,0
2018,"PÚBLICO","ISSSTE",31,"YUCATAN","HOSPITALIZACIÓN",160,34,868,341,518,1,2
2018,"PÚBLICO","ISSSTE",32,"ZACATECAS","CONSULTA EXTERNA",1,0,111,63,46,0,0
2018,"PÚBLICO","ISSSTE",32,"ZACATECAS","HOSPITALIZACIÓN",122,23,565,220,339,1,2
2018,"PÚBLICO","OTROS",1,"AGUASCALIENTES","CONSULTA EXTERNA",15,15,851,412,359,0,0
2018,"PÚBLICO","OTROS",1,"AGUASCALIENTES","HOSPITALIZACIÓN",771,176,2454,704,1466,3,3
2018,"PÚBLICO","OTROS",2,"BAJA CALIFORNIA","CONSULTA EXTERNA",95,54,1612,641,743,0,2
2018,"PÚBLICO","OTROS",2,"BAJA CALIFORNIA","HOSPITALIZACIÓN",1397,196,4097,1229,2442,3,7
2018,"PÚBLICO","OTROS",3,"BAJA CALIFORNIA SUR","CONSULTA EXTERNA",50,39,343,166,172,0,0
2018,"PÚBLICO","OTROS",3,"BAJA CALIFORNIA SUR","HOSPITALIZACIÓN",364,61,1329,454,748,1,6
2018,"PÚBLICO","OTROS",4,"CAMPECHE","CONSULTA EXTERNA",37,25,434,163,208,0,1
2018,"PÚBLICO","OTROS",4,"CAMPECHE","HOSPITALIZACIÓN",248,53,859,268,527,1,2
2018,"PÚBLICO","OTROS",5,"COAHUILA DE ZARAGOZA","CONSULTA EXTERNA",98,74,1576,604,829,0,0
2018,"PÚBLICO","OTROS",5,"COAHUILA DE ZARAGOZA","HOSPITALIZACIÓN",2277,351,6536,1687,4028,7,16
2018,"PÚBLICO","OTROS",6,"COLIMA","CONSULTA EXTERNA",26,26,358,150,169,0,0
2018,"PÚBLICO","OTROS",6,"COLIMA","HOSPITALIZACIÓN",423,106,1494,421,880,2,3
2018,"PÚBLICO","OTROS",7,"CHIAPAS","CONSULTA EXTERNA",63,51,825,321,436,0,0
2018,"PÚBLICO","OTROS",7,"CHIAPAS","HOSPITALIZACIÓN",445,84,1644,487,1025,2,4
2018,"PÚBLICO","OTROS",8,"CHIHUAHUA","CONSULTA EXTERNA",122,92,1818,831,808,0,0
2018,"PÚBLICO","OTROS",8,"CHIHUAHUA","HOSPITALIZACIÓN",1920,340,4977,1274,3308,6,10
2018,"PÚBLICO","OTROS",9,"CIUDAD DE MEXICO","ASISTENCIA SOCIAL",0,0,79,41,20,0,0
2018,"PÚBLICO","OTROS",9,"CIUDAD DE MEXICO","CONSULTA EXTERNA",259,167,5948,2607,2543,0,1
2018,"PÚBLICO","OTROS",9,"CIUDAD DE MEXICO","ESTABLECIMIENTO DE APOYO",0,0,35,17,18,0,0
2018,"PÚBLICO","OTROS",9,"CIUDAD DE MEXICO","HOSPITALIZACIÓN",7969,1221,26924,6689,16426,16,28
2018,"PÚBLICO","OTROS",10,"DURANGO","CONSULTA EXTERNA",53,34,679,329,304,0,0
2018,"PÚBLICO","OTROS",10,"DURANGO","HOSPITALIZACIÓN",673,123,2138,596,1235,1,4
2018,"PÚBLICO","OTROS",11,"GUANAJUATO","CONSULTA EXTERNA",118,92,1602,684,748,0,0
2018,"PÚBLICO","OTROS",11,"GUANAJUATO","HOSPITALIZACIÓN",2110,368,6251,1780,3703,5,13
2018,"PÚBLICO","OTROS",12,"GUERRERO","CONSULTA EXTERNA",39,33,634,256,297,0,0
2018,"PÚBLICO","OTROS",12,"GUERRERO","HOSPITALIZACIÓN",616,109,1962,598,1165,1,6
2018,"PÚBLICO","OTROS",13,"HIDALGO","CONSULTA EXTERNA",38,34,383,201,175,0,0
2018,"PÚBLICO","OTROS",13,"HIDALGO","HOSPITALIZACIÓN",460,92,1818,625,1030,1,6
2018,"PÚBLICO","OTROS",14,"JALISCO","CONSULTA EXTERNA",571,344,3862,1759,1534,0,2
2018,"PÚBLICO","OTROS",14,"JALISCO","HOSPITALIZACIÓN",4286,725,12210,2997,7290,10,19
2018,"PÚBLICO","OTROS",15,"MEXICO","CONSULTA EXTERNA",186,134,4762,2136,2130,0,0
2018,"PÚBLICO","OTROS",15,"MEXICO","HOSPITALIZACIÓN",4176,747,12308,3746,7448,8,17
2018,"PÚBLICO","OTROS",16,"MICHOACAN DE OCAMPO","CONSULTA EXTERNA",116,78,1188,550,558,0,4
2018,"PÚBLICO","OTROS",16,"MICHOACAN DE OCAMPO","HOSPITALIZACIÓN",1091,225,3468,981,2103,2,10
2018,"PÚBLICO","OTROS",17,"MORELOS","CONSULTA EXTERNA",26,26,489,224,231,0,0
2018,"PÚBLICO","OTROS",17,"MORELOS","HOSPITALIZACIÓN",533,106,1909,645,1054,1,3
2018,"PÚBLICO","OTROS",18,"NAYARIT","CONSULTA EXTERNA",4,4,731,254,331,0,0
2018,"PÚBLICO","OTROS",18,"NAYARIT","HOSPITALIZACIÓN",386,97,1263,357,757,1,5
2018,"PÚBLICO","OTROS",19,"NUEVO LEON","CONSULTA EXTERNA",155,132,3049,1313,1227,0,0
2018,"PÚBLICO","OTROS",19,"NUEVO LEON","ESTABLECIMIENTO DE APOYO",0,0,26,14,12,0,0
2018,"PÚBLICO","OTROS",19,"NUEVO LEON","HOSPITALIZACIÓN",3934,555,11896,2754,6959,11,16
2018,"PÚBLICO","OTROS",20,"OAXACA","ASISTENCIA SOCIAL",0,0,6,6,0,0,0
2018,"PÚBLICO","OTROS",20,"OAXACA","CONSULTA EXTERNA",33,33,592,236,268,0,0
2018,"PÚBLICO","OTROS",20,"OAXACA","HOSPITALIZACIÓN",465,87,1562,456,985,1,5
2018,"PÚBLICO","OTROS",21,"PUEBLA","CONSULTA EXTERNA",146,121,1588,670,664,0,1
2018,"PÚBLICO","OTROS",21,"PUEBLA","HOSPITALIZACIÓN",1676,286,4234,1083,2668,5,8
2018,"PÚBLICO","OTROS",22,"QUERETARO","CONSULTA EXTERNA",21,15,1110,432,477,0,0
2018,"PÚBLICO","OTROS",22,"QUERETARO","HOSPITALIZACIÓN",529,82,1589,417,968,1,2
2018,"PÚBLICO","OTROS",23,"QUINTANA ROO","CONSULTA EXTERNA",29,29,414,193,207,0,0
2018,"PÚBLICO","OTROS",23,"QUINTANA ROO","HOSPITALIZACIÓN",655,121,1962,615,1219,4,6
2018,"PÚBLICO","OTROS",24,"SAN LUIS POTOSI","ASISTENCIA SOCIAL",0,0,23,18,5,0,0
2018,"PÚBLICO","OTROS",24,"SAN LUIS POTOSI","CONSULTA EXTERNA",27,27,804,369,350,0,0
2018,"PÚBLICO","OTROS",24,"SAN LUIS POTOSI","HOSPITALIZACIÓN",913,156,2739,750,1665,4,6
2018,"PÚBLICO","OTROS",25,"SINALOA","CONSULTA EXTERNA",153,56,1354,551,648,0,0
2018,"PÚBLICO","OTROS",25,"SINALOA","HOSPITALIZACIÓN",1285,207,3646,1063,2320,3,8
2018,"PÚBLICO","OTROS",26,"SONORA","CONSULTA EXTERNA",83,44,1380,569,584,0,1
2018,"PÚBLICO","OTROS",26,"SONORA","HOSPITALIZACIÓN",1911,371,5827,1561,3610,3,16
2018,"PÚBLICO","OTROS",27,"TABASCO","CONSULTA EXTERNA",56,56,509,215,192,0,0
2018,"PÚBLICO","OTROS",27,"TABASCO","HOSPITALIZACIÓN",347,74,1183,343,721,1,3
2018,"PÚBLICO","OTROS",28,"TAMAULIPAS","CONSULTA EXTERNA",96,86,1848,702,729,0,0
2018,"PÚBLICO","OTROS",28,"TAMAULIPAS","HOSPITALIZACIÓN",1365,229,3696,1059,2431,7,8
2018,"PÚBLICO","OTROS",29,"TLAXCALA","CONSULTA EXTERNA",16,16,296,144,132,0,0
2018,"PÚBLICO","OTROS",29,"TLAXCALA","HOSPITALIZACIÓN",264,45,954,305,559,1,3
2018,"PÚBLICO","OTROS",30,"VERACRUZ DE IGNACIO DE LA LLAVE","CONSULTA EXTERNA",219,219,2650,1146,1100,0,0
2018,"PÚBLICO","OTROS",30,"VERACRUZ DE IGNACIO DE LA LLAVE","HOSPITALIZACIÓN",2356,354,6786,1827,4118,6,18
2018,"PÚBLICO","OTROS",31,"YUCATAN","CONSULTA EXTERNA",63,43,1151,470,501,0,0
2018,"PÚBLICO","OTROS",31,"YUCATAN","HOSPITALIZACIÓN",1033,160,3228,888,1807,3,6
2018,"PÚBLICO","OTROS",32,"ZACATECAS","CONSULTA EXTERNA",26,25,544,193,220,0,0
2018,"PÚBLICO","OTROS",32,"ZACATECAS","HOSPITALIZACIÓN",362,69,1055,327,631,1,2
2018,"PÚBLICO","PEMEX",4,"CAMPECHE","CONSULTA EXTERNA",0,0,0,0,0,0,0
2018,"PÚBLICO","PEMEX",4,"CAMPECHE","HOSPITALIZACIÓN",41,13,463,376,87,1,1
2018,"PÚBLICO","PEMEX",7,"CHIAPAS","CONSULTA EXTERNA",4,4,42,31,11,0,0
2018,"PÚBLICO","PEMEX",8,"CHIHUAHUA","CONSULTA EXTERNA",3,3,9,2,7,0,0
2018,"PÚBLICO","PEMEX",9,"CIUDAD DE MEXICO","CONSULTA EXTERNA",0,0,17,10,7,0,0
2018,"PÚBLICO","PEMEX",9,"CIUDAD DE MEXICO","HOSPITALIZACIÓN",387,58,1119,394,725,2,2
2018,"PÚBLICO","PEMEX",11,"GUANAJUATO","HOSPITALIZACIÓN",70,23,209,44,165,1,1
2018,"PÚBLICO","PEMEX",13,"HIDALGO","CONSULTA EXTERNA",2,2,24,2,22,0,0
2018,"PÚBLICO","PEMEX",13,"HIDALGO","HOSPITALIZACIÓN",21,4,174,95,79,0,1
2018,"PÚBLICO","PEMEX",14,"JALISCO","CONSULTA EXTERNA",5,5,44,25,19,0,0
2018,"PÚBLICO","PEMEX",15,"MEXICO","CONSULTA EXTERNA",2,2,34,23,11,0,0
2018,"PÚBLICO","PEMEX",19,"NUEVO LEON","CONSULTA EXTERNA",3,3,34,24,10,0,0
2018,"PÚBLICO","PEMEX",19,"NUEVO LEON","HOSPITALIZACIÓN",44,13,142,61,81,1,1
2018,"PÚBLICO","PEMEX",20,"OAXACA","CONSULTA EXTERNA",0,0,22,12,10,0,0
2018,"PÚBLICO","PEMEX",20,"OAXACA","HOSPITALIZACIÓN",44,8,207,91,116,1,1
2018,"PÚBLICO","PEMEX",21,"PUEBLA","CONSULTA EXTERNA",1,1,40,22,18,0,0
2018,"PÚBLICO","PEMEX",21,"PUEBLA","HOSPITALIZACIÓN",8,1,30,19,11,0,1
2018,"PÚBLICO","PEMEX",24,"SAN LUIS POTOSI","HOSPITALIZACIÓN",11,3,45,25,20,0,1
2018,"PÚBLICO","PEMEX",25,"SINALOA","CONSULTA EXTERNA",0,0,9,6,3,0,0
2018,"PÚBLICO","PEMEX",27,"TABASCO","CONSULTA EXTERNA",14,14,84,53,31,0,0
2018,"PÚBLICO","PEMEX",27,"TABASCO","HOSPITALIZACIÓN",183,33,696,312,384,1,3
2018,"PÚBLICO","PEMEX",28,"TAMAULIPAS","CONSULTA EXTERNA",7,7,152,106,46,0,0
2018,"PÚBLICO","PEMEX",28,"TAMAULIPAS","HOSPITALIZACIÓN",244,47,630,236,394,2,2
2018,"PÚBLICO","PEMEX",30,"VERACRUZ DE IGNACIO DE LA LLAVE","CONSULTA EXTERNA",7,7,172,113,59,0,0
2018,"PÚBLICO","PEMEX",30,"VERACRUZ DE IGNACIO DE LA LLAVE","HOSPITALIZACIÓN",358,67,1300,586,714,2,9
2018,"PÚBLICO","SEDENA",2,"BAJA CALIFORNIA","HOSPITALIZACIÓN",78,12,117,48,60,0,2
2018,"PÚBLICO","SEDENA",3,"BAJA CALIFORNIA SUR","HOSPITALIZACIÓN",52,8,48,26,22,0,1
2018,"PÚBLICO","SEDENA",5,"COAHUILA DE ZARAGOZA","HOSPITALIZACIÓN",47,8,24,12,12,0,1
2018,"PÚBLICO","SEDENA",7,"CHIAPAS","HOSPITALIZACIÓN",69,9,107,31,64,1,1
2018,"PÚBLICO","SEDENA",8,"CHIHUAHUA","HOSPITALIZACIÓN",80,11,98,37,42,1,2
2018,"PÚBLICO","SEDENA",9,"CIUDAD DE MEXICO","HOSPITALIZACIÓN",1221,114,2475,606,1056,2,7
2018,"PÚBLICO","SEDENA",10,"DURANGO","HOSPITALIZACIÓN",52,5,42,11,31,0,1
2018,"PÚBLICO","SEDENA",11,"GUANAJUATO","HOSPITALIZACIÓN",48,15,97,23,42,1,1
2018,"PÚBLICO","SEDENA",12,"GUERRERO","HOSPITALIZACIÓN",110,20,262,72,122,2,2
2018,"PÚBLICO","SEDENA",14,"JALISCO","HOSPITALIZACIÓN",139,14,273,83,125,1,2
2018,"PÚBLICO","SEDENA",15,"MEXICO","CONSULTA EXTERNA",0,0,28,17,11,0,0
2018,"PÚBLICO","SEDENA",15,"MEXICO","HOSPITALIZACIÓN",151,19,426,176,229,0,4
2018,"PÚBLICO","SEDENA",16,"MICHOACAN DE OCAMPO","HOSPITALIZACIÓN",47,4,25,16,9,0,1
2018,"PÚBLICO","SEDENA",17,"MORELOS","HOSPITALIZACIÓN",39,4,84,11,58,0,1
2018,"PÚBLICO","SEDENA",19,"NUEVO LEON","HOSPITALIZACIÓN",162,17,108,60,45,1,1
2018,"PÚBLICO","SEDENA",20,"OAXACA","HOSPITALIZACIÓN",92,19,92,34,45,0,2
2018,"PÚBLICO","SEDENA",21,"PUEBLA","HOSPITALIZACIÓN",103,16,155,29,77,0,1
2018,"PÚBLICO","SEDENA",23,"QUINTANA ROO","HOSPITALIZACIÓN",17,7,45,23,22,0,1
2018,"PÚBLICO","SEDENA",24,"SAN LUIS POTOSI","HOSPITALIZACIÓN",78,41,64,16,40,0,1
2018,"PÚBLICO","SEDENA",25,"SINALOA","HOSPITALIZACIÓN",14,6,177,40,104,1,1
2018,"PÚBLICO","SEDENA",26,"SONORA","HOSPITALIZACIÓN",30,3,65,21,37,0,1
2018,"PÚBLICO","SEDENA",27,"TABASCO","HOSPITALIZACIÓN",40,6,67,19,42,0,1
2018,"PÚBLICO","SEDENA",28,"TAMAULIPAS","HOSPITALIZACIÓN",44,11,102,25,61,0,1
2018,"PÚBLICO","SEDENA",30,"VERACRUZ DE IGNACIO DE LA LLAVE","HOSPITALIZACIÓN",77,9,157,40,95,1,2
2018,"PÚBLICO","SEDENA",31,"YUCATAN","HOSPITALIZACIÓN",97,29,158,35,85,1,1
2018,"PÚBLICO","SEDENA",32,"ZACATECAS","HOSPITALIZACIÓN",43,4,57,18,39,0,1
2018,"PÚBLICO","SEMAR",2,"BAJA CALIFORNIA","CONSULTA EXTERNA",2,2,5,5,0,0,0
2018,"PÚBLICO","SEMAR",2,"BAJA CALIFORNIA","HOSPITALIZACIÓN",34,7,19,19,0,1,1
2018,"PÚBLICO","SEMAR",3,"BAJA CALIFORNIA SUR","HOSPITALIZACIÓN",25,5,20,20,0,0,0
2018,"PÚBLICO","SEMAR",4,"CAMPECHE","HOSPITALIZACIÓN",56,14,43,43,0,0,1
2018,"PÚBLICO","SEMAR",6,"COLIMA","HOSPITALIZACIÓN",50,3,29,29,0,0,1
2018,"PÚBLICO","SEMAR",7,"CHIAPAS","CONSULTA EXTERNA",3,0,4,4,0,0,0
2018,"PÚBLICO","SEMAR",7,"CHIAPAS","HOSPITALIZACIÓN",23,0,28,28,0,0,1
2018,"PÚBLICO","SEMAR",9,"CIUDAD DE MEXICO","CONSULTA EXTERNA",13,13,77,77,0,0,0
2018,"PÚBLICO","SEMAR",9,"CIUDAD DE MEXICO","HOSPITALIZACIÓN",241,50,241,241,0,1,1
2018,"PÚBLICO","SEMAR",12,"GUERRERO","HOSPITALIZACIÓN",96,13,40,40,0,1,1
2018,"PÚBLICO","SEMAR",14,"JALISCO","HOSPITALIZACIÓN",42,8,17,17,0,1,1
2018,"PÚBLICO","SEMAR",16,"MICHOACAN DE OCAMPO","HOSPITALIZACIÓN",68,14,23,23,0,1,1
2018,"PÚBLICO","SEMAR",18,"NAYARIT","HOSPITALIZACIÓN",9,1,9,9,0,0,0
2018,"PÚBLICO","SEMAR",20,"OAXACA","HOSPITALIZACIÓN",90,7,42,42,0,1,1
2018,"PÚBLICO","SEMAR",23,"QUINTANA ROO","HOSPITALIZACIÓN",60,7,34,34,0,0,0
2018,"PÚBLICO","SEMAR",25,"SINALOA","HOSPITALIZACIÓN",61,11,35,35,0,1,1
2018,"PÚBLICO","SEMAR",26,"SONORA","HOSPITALIZACIÓN",46,9,33,33,0,0,1
2018,"PÚBLICO","SEMAR",27,"TABASCO","HOSPITALIZACIÓN",28,5,7,7,0,1,1
2018,"PÚBLICO","SEMAR",28,"TAMAULIPAS","HOSPITALIZACIÓN",119,22,37,37,0,3,3
2018,"PÚBLICO","SEMAR",30,"VERACRUZ DE IGNACIO DE LA LLAVE","CONSULTA EXTERNA",0,0,4,4,0,0,0
2018,"PÚBLICO","SEMAR",30,"VERACRUZ DE IGNACIO DE LA LLAVE","HOSPITALIZACIÓN",184,22,161,161,0,1,2
2018,"PÚBLICO","SEMAR",31,"YUCATAN","HOSPITALIZACIÓN",14,1,13,13,0,0,0
2018,"PÚBLICO","SME",2,"BAJA CALIFORNIA","CONSULTA EXTERNA",26,8,305,156,99,0,2
2018,"PÚBLICO","SME",2,"BAJA CALIFORNIA","HOSPITALIZACIÓN",268,62,889,329,463,3,5
2018,"PÚBLICO","SME",4,"CAMPECHE","CONSULTA EXTERNA",26,0,20,9,11,0,1
2018,"PÚBLICO","SME",5,"COAHUILA DE ZARAGOZA","CONSULTA EXTERNA",18,2,91,67,22,0,1
2018,"PÚBLICO","SME",5,"COAHUILA DE ZARAGOZA","HOSPITALIZACIÓN",204,48,489,225,244,3,5
2018,"PÚBLICO","SME",7,"CHIAPAS","CONSULTA EXTERNA",0,0,125,98,27,0,0
2018,"PÚBLICO","SME",7,"CHIAPAS","HOSPITALIZACIÓN",202,47,612,364,248,0,0
2018,"PÚBLICO","SME",8,"CHIHUAHUA","CONSULTA EXTERNA",38,17,631,488,122,0,0
2018,"PÚBLICO","SME",8,"CHIHUAHUA","ESTABLECIMIENTO DE APOYO",0,0,48,47,1,0,0
2018,"PÚBLICO","SME",9,"CIUDAD DE MEXICO","CONSULTA EXTERNA",22,19,239,128,111,0,0
2018,"PÚBLICO","SME",9,"CIUDAD DE MEXICO","HOSPITALIZACIÓN",30,0,0,0,0,0,0
2018,"PÚBLICO","SME",11,"GUANAJUATO","ASISTENCIA SOCIAL",0,0,11,2,9,0,0
2018,"PÚBLICO","SME",13,"HIDALGO","CONSULTA EXTERNA",1,0,13,5,8,0,0
2018,"PÚBLICO","SME",15,"MEXICO","CONSULTA EXTERNA",57,4,897,463,388,0,5
2018,"PÚBLICO","SME",15,"MEXICO","HOSPITALIZACIÓN",1295,276,3584,1054,1936,6,14
2018,"PÚBLICO","SME",18,"NAYARIT","ASISTENCIA SOCIAL",10,0,11,7,4,0,0
2018,"PÚBLICO","SME",18,"NAYARIT","CONSULTA EXTERNA",0,0,1,1,0,0,0
2018,"PÚBLICO","SME",18,"NAYARIT","HOSPITALIZACIÓN",42,6,22,8,14,0,2
2018,"PÚBLICO","SME",19,"NUEVO LEON","CONSULTA EXTERNA",12,9,280,188,92,0,1
2018,"PÚBLICO","SME",19,"NUEVO LEON","HOSPITALIZACIÓN",146,18,440,175,259,1,1
2018,"PÚBLICO","SME",20,"OAXACA","CONSULTA EXTERNA",14,0,43,27,16,0,3
2018,"PÚBLICO","SME",21,"PUEBLA","CONSULTA EXTERNA",159,31,264,217,45,0,1
2018,"PÚBLICO","SME",21,"PUEBLA","HOSPITALIZACIÓN",305,52,896,254,496,2,3
2018,"PÚBLICO","SME",24,"SAN LUIS POTOSI","ASISTENCIA SOCIAL",117,1,59,6,49,0,1
2018,"PÚBLICO","SME",24,"SAN LUIS POTOSI","HOSPITALIZACIÓN",0,0,17,8,7,0,0
2018,"PÚBLICO","SME",25,"SINALOA","HOSPITALIZACIÓN",320,72,1100,337,540,1,2
2018,"PÚBLICO","SME",26,"SONORA","CONSULTA EXTERNA",4,0,229,137,69,0,0
2018,"PÚBLICO","SME",26,"SONORA","HOSPITALIZACIÓN",281,77,855,432,386,2,4
2018,"PÚBLICO","SME",27,"TABASCO","CONSULTA EXTERNA",0,0,156,117,39,0,0
2018,"PÚBLICO","SME",27,"TABASCO","HOSPITALIZACIÓN",140,34,564,213,299,0,0
2018,"PÚBLICO","SME",30,"VERACRUZ DE IGNACIO DE LA LLAVE","HOSPITALIZACIÓN",0,0,7,5,0,0,1
2018,"PÚBLICO","SME",31,"YUCATAN","HOSPITALIZACIÓN",48,12,120,36,68,1,1
2018,"PÚBLICO","SSA",1,"AGUASCALIENTES","CONSULTA EXTERNA",26,0,824,276,468,0,0
2018,"PÚBLICO","SSA",1,"AGUASCALIENTES","HOSPITALIZACIÓN",609,133,2412,687,1569,2,7
2018,"PÚBLICO","SSA",2,"BAJA CALIFORNIA","CONSULTA EXTERNA",129,27,1458,360,735,0,3
2018,"PÚBLICO","SSA",2,"BAJA CALIFORNIA","HOSPITALIZACIÓN",941,213,3035,655,2016,3,6
2018,"PÚBLICO","SSA",3,"BAJA CALIFORNIA SUR","CONSULTA EXTERNA",65,5,486,158,255,0,1
2018,"PÚBLICO","SSA",3,"BAJA CALIFORNIA SUR","HOSPITALIZACIÓN",388,64,1130,330,702,1,6
2018,"PÚBLICO","SSA",4,"CAMPECHE","CONSULTA EXTERNA",62,19,822,370,389,0,0
2018,"PÚBLICO","SSA",4,"CAMPECHE","HOSPITALIZACIÓN",687,130,1765,472,1131,3,11
2018,"PÚBLICO","SSA",5,"COAHUILA DE ZARAGOZA","CONSULTA EXTERNA",64,9,1163,351,683,0,3
2018,"PÚBLICO","SSA",5,"COAHUILA DE ZARAGOZA","HOSPITALIZACIÓN",976,141,2753,760,1858,5,15
2018,"PÚBLICO","SSA",6,"COLIMA","CONSULTA EXTERNA",215,8,813,246,447,0,0
2018,"PÚBLICO","SSA",6,"COLIMA","HOSPITALIZACIÓN",469,82,1356,403,803,4,6
2018,"PÚBLICO","SSA",7,"CHIAPAS","CONSULTA EXTERNA",431,63,4946,1629,2986,0,17
2018,"PÚBLICO","SSA",7,"CHIAPAS","HOSPITALIZACIÓN",1929,389,8514,2229,5704,9,36
2018,"PÚBLICO","SSA",8,"CHIHUAHUA","CONSULTA EXTERNA",272,85,2089,652,1210,0,0
2018,"PÚBLICO","SSA",8,"CHIHUAHUA","HOSPITALIZACIÓN",1677,289,5406,1228,3837,10,20
2018,"PÚBLICO","SSA",9,"CIUDAD DE MEXICO","CONSULTA EXTERNA",49,0,5759,2807,2527,0,0
2018,"PÚBLICO","SSA",9,"CIUDAD DE MEXICO","HOSPITALIZACIÓN",8311,1035,26139,7497,15829,33,55
2018,"PÚBLICO","SSA",10,"DURANGO","CONSULTA EXTERNA",30,0,1089,446,490,0,0
2018,"PÚBLICO","SSA",10,"DURANGO","HOSPITALIZACIÓN",997,110,2803,826,1647,3,26
2018,"PÚBLICO","SSA",11,"GUANAJUATO","CONSULTA EXTERNA",365,14,5041,1541,3076,0,0
2018,"PÚBLICO","SSA",11,"GUANAJUATO","HOSPITALIZACIÓN",2765,471,8633,2609,5568,12,42
2018,"PÚBLICO","SSA",12,"GUERRERO","CONSULTA EXTERNA",1047,293,5048,2002,2859,0,0
2018,"PÚBLICO","SSA",12,"GUERRERO","HOSPITALIZACIÓN",2065,318,7278,2475,4356,8,41
2018,"PÚBLICO","SSA",13,"HIDALGO","CONSULTA EXTERNA",595,3,3604,1188,2040,0,0
2018,"PÚBLICO","SSA",13,"HIDALGO","HOSPITALIZACIÓN",1143,153,3395,1069,2041,4,16
2018,"PÚBLICO","SSA",14,"JALISCO","CONSULTA EXTERNA",553,3,4665,1648,2283,0,0
2018,"PÚBLICO","SSA",14,"JALISCO","HOSPITALIZACIÓN",3542,331,11525,2569,7308,3,39
2018,"PÚBLICO","SSA",15,"MEXICO","CONSULTA EXTERNA",367,4,9438,3430,4992,0,2
2018,"PÚBLICO","SSA",15,"MEXICO","HOSPITALIZACIÓN",5904,889,19190,4997,12847,23,68
2018,"PÚBLICO","SSA",16,"MICHOACAN DE OCAMPO","CONSULTA EXTERNA",355,30,3577,1298,1775,0,0
2018,"PÚBLICO","SSA",16,"MICHOACAN DE OCAMPO","HOSPITALIZACIÓN",1807,272,5024,1619,2827,3,27
2018,"PÚBLICO","SSA",17,"MORELOS","CONSULTA EXTERNA",208,6,1606,502,851,0,0
2018,"PÚBLICO","SSA",17,"MORELOS","HOSPITALIZACIÓN",785,183,2797,826,1799,3,11
2018,"PÚBLICO","SSA",18,"NAYARIT","CONSULTA EXTERNA",273,21,1266,528,618,0,0
2018,"PÚBLICO","SSA",18,"NAYARIT","HOSPITALIZACIÓN",551,120,1937,530,1209,1,12
2018,"PÚBLICO","SSA",19,"NUEVO LEON","CONSULTA EXTERNA",29,25,2336,619,1100,0,0
2018,"PÚBLICO","SSA",19,"NUEVO LEON","HOSPITALIZACIÓN",942,121,3209,660,2124,2,9
2018,"PÚBLICO","SSA",20,"OAXACA","CONSULTA EXTERNA",2074,18,4333,1690,2237,0,7
2018,"PÚBLICO","SSA",20,"OAXACA","HOSPITALIZACIÓN",1865,346,4775,1588,2878,4,36
2018,"PÚBLICO","SSA",21,"PUEBLA","CONSULTA EXTERNA",1196,114,4952,1611,2641,0,1
2018,"PÚBLICO","SSA",21,"PUEBLA","HOSPITALIZACIÓN",3206,584,7574,2221,4598,14,53
2018,"PÚBLICO","SSA",22,"QUERETARO","CONSULTA EXTERNA",204,12,1601,603,723,0,3
2018,"PÚBLICO","SSA",22,"QUERETARO","HOSPITALIZACIÓN",793,162,2667,804,1638,3,5
2018,"PÚBLICO","SSA",23,"QUINTANA ROO","CONSULTA EXTERNA",24,0,1022,377,554,0,0
2018,"PÚBLICO","SSA",23,"QUINTANA ROO","HOSPITALIZACIÓN",740,103,2534,748,1677,3,10
2018,"PÚBLICO","SSA",24,"SAN LUIS POTOSI","CONSULTA EXTERNA",160,18,1823,653,996,0,0
2018,"PÚBLICO","SSA",24,"SAN LUIS POTOSI","HOSPITALIZACIÓN",1356,188,3461,795,2096,5,16
2018,"PÚBLICO","SSA",25,"SINALOA","CONSULTA EXTERNA",69,4,1897,762,880,0,1
2018,"PÚBLICO","SSA",25,"SINALOA","HOSPITALIZACIÓN",1239,203,4457,1241,2669,5,22
2018,"PÚBLICO","SSA",26,"SONORA","CONSULTA EXTERNA",200,20,1601,458,910,0,1
2018,"PÚBLICO","SSA",26,"SONORA","HOSPITALIZACIÓN",1511,203,3815,1090,2384,3,18
2018,"PÚBLICO","SSA",27,"TABASCO","CONSULTA EXTERNA",311,16,2541,1078,1118,0,0
2018,"PÚBLICO","SSA",27,"TABASCO","HOSPITALIZACIÓN",1620,225,4975,1568,2891,5,23
2018,"PÚBLICO","SSA",28,"TAMAULIPAS","CONSULTA EXTERNA",173,12,2781,844,1594,0,1
2018,"PÚBLICO","SSA",28,"TAMAULIPAS","HOSPITALIZACIÓN",1852,305,6196,1640,3900,11,19
2018,"PÚBLICO","SSA",29,"TLAXCALA","CONSULTA EXTERNA",358,0,1398,565,634,0,0
2018,"PÚBLICO","SSA",29,"TLAXCALA","HOSPITALIZACIÓN",719,133,2262,752,1437,4,13
2018,"PÚBLICO","SSA",30,"VERACRUZ DE IGNACIO DE LA LLAVE","CONSULTA EXTERNA",90,10,5292,2336,2679,0,3
2018,"PÚBLICO","SSA",30,"VERACRUZ DE IGNACIO DE LA LLAVE","HOSPITALIZACIÓN",3300,447,9110,2684,5709,10,56
2018,"PÚBLICO","SSA",31,"YUCATAN","CONSULTA EXTERNA",59,7,1699,506,1036,0,0
2018,"PÚBLICO","SSA",31,"YUCATAN","HOSPITALIZACIÓN",1143,177,3486,936,2231,3,9
2018,"PÚBLICO","SSA",32,"ZACATECAS","CONSULTA EXTERNA",235,33,1204,456,616,0,0
2018,"PÚBLICO","SSA",32,"ZACATECAS","HOSPITALIZACIÓN",727,106,3462,975,2250,3,17
NA,"","OTROS",NA,"","",0,0,0,0,0,0,0
