"INSTITUTION","CLAVE","ALCALDIA","NAME","TYPE","HOSPITAL_AREA","INTENSIVE_CARE","MEDIUM_CARE","SURGERY","ER","LABORATORY","HOSPITAL_AREA_BEDS","OTHER_AREAS_BEDS","INTENSIVE_CARE_BEDS","MEDIUM_CARE_BEDS","ISOLATION_BEDS","ER_BEDS","DOCTORS","NURSES","DOCTORS_IN_STUDY","CLAVE_ALCALDIA"
"OTROS",7,"IZTAPALAPA","C.N.M.A.I.C.R.I.E. IZTAPALAPA","ASISTENCIA SOCIAL",0,0,0,0,0,0,0,0,0,0,0,0,20,4,0,9007
"OTROS",13,"XOCHIMILCO","C.R.I. TLAZOCIHUALPILLI","ASISTENCIA SOCIAL",0,0,0,0,0,0,0,0,0,0,0,0,4,0,0,9013
"OTROS",14,"BENITO JUAREZ","C.N.M.A.I.C.R.I.E.GABY BRIMMER","ASISTENCIA SOCIAL",0,0,0,0,0,0,0,0,0,0,0,0,17,16,18,9014
"IMSS PROSPERA",8,"LA MAGDALENA CONTRERAS","EL OCOTAL 1","CONSULTA EXTERNA",0,0,0,0,0,0,0,0,0,0,0,0,2,2,0,9008
"IMSS PROSPERA",8,"LA MAGDALENA CONTRERAS","EL OCOTAL 2","CONSULTA EXTERNA",0,0,0,0,0,0,0,0,0,0,0,0,3,3,0,9008
"IMSS PROSPERA",7,"IZTAPALAPA","CONSULTORIO MEDICO GENERAL (UMU ALVARO OBREGON)","CONSULTA EXTERNA",0,0,0,0,0,0,0,0,0,0,0,0,15,15,0,9007
"IMSS PROSPERA",10,"ALVARO OBREGON","UNIDAD MEDICA URBANA SANTA FE","CONSULTA EXTERNA",0,0,0,0,0,0,0,0,0,0,0,0,9,8,0,9010
"IMSS PROSPERA",8,"LA MAGDALENA CONTRERAS","EL OCOTAL 3","CONSULTA EXTERNA",0,0,0,0,0,0,0,0,0,0,0,0,2,3,0,9008
"IMSS PROSPERA",12,"TLALPAN","RODEO 2","CONSULTA EXTERNA",0,0,0,0,0,0,0,0,0,0,0,0,2,3,0,9012
"IMSS PROSPERA",13,"XOCHIMILCO","LA NORIA 3","CONSULTA EXTERNA",0,0,0,0,0,0,0,0,0,0,0,0,2,2,0,9013
"IMSS PROSPERA",13,"XOCHIMILCO","LA NORIA 4","CONSULTA EXTERNA",0,0,0,0,0,0,0,0,0,0,0,0,2,2,0,9013
"IMSS PROSPERA",9,"MILPA ALTA","DEPORTIVO OZTOTEPEC","CONSULTA EXTERNA",0,0,0,0,0,0,0,0,0,0,0,0,1,1,0,9009
"IMSS PROSPERA",11,"TLÁHUAC","SANTA CATARINA 2","CONSULTA EXTERNA",0,0,0,0,0,0,0,0,0,0,0,0,3,3,0,9011
"IMSS PROSPERA",13,"XOCHIMILCO","LA NORIA 1","CONSULTA EXTERNA",0,0,0,0,0,0,0,0,0,0,0,0,3,3,0,9013
"IMSS PROSPERA",13,"XOCHIMILCO","LA NORIA 2","CONSULTA EXTERNA",0,0,0,0,0,0,0,0,0,0,0,0,3,3,0,9013
"IMSS PROSPERA",13,"XOCHIMILCO","TLALNEPANTLA XOCHIMILCO","CONSULTA EXTERNA",0,0,0,0,0,0,0,0,0,0,0,0,1,1,0,9013
"IMSS PROSPERA",12,"TLALPAN","TOPILEJO","CONSULTA EXTERNA",0,0,0,0,0,0,0,0,0,0,0,0,3,3,0,9012
"IMSS PROSPERA",12,"TLALPAN","PIÑANONA","CONSULTA EXTERNA",0,0,0,0,0,0,0,0,0,0,0,0,3,2,0,9012
"IMSS PROSPERA",12,"TLALPAN","RODEO 1","CONSULTA EXTERNA",0,0,0,0,0,0,0,0,0,0,0,0,2,3,0,9012
"IMSS PROSPERA",11,"TLÁHUAC","SANTA CATARINA 1","CONSULTA EXTERNA",0,0,0,0,0,0,0,0,0,0,0,0,2,2,0,9011
"IMSS PROSPERA",9,"MILPA ALTA","DEPORTIVO MILTA ALTA","CONSULTA EXTERNA",0,0,0,0,0,0,0,0,0,0,0,0,1,1,0,9009
"IMSS PROSPERA",9,"MILPA ALTA","MUSEO REGIONAL MILPA ALTA","CONSULTA EXTERNA",0,0,0,0,0,0,0,0,0,0,0,0,2,2,0,9009
"IMSS PROSPERA",4,"CUAJIMALPA DE MORELOS","SAN PABLO CHIMALPA","CONSULTA EXTERNA",0,0,0,0,0,0,0,0,0,0,0,0,2,2,0,9004
"IMSS PROSPERA",4,"CUAJIMALPA DE MORELOS","LA PILA","CONSULTA EXTERNA",0,0,0,0,0,0,0,0,0,0,0,0,3,2,0,9004
"IMSS PROSPERA",11,"TLÁHUAC","MIXQUIC (TLAHUAC 2)","CONSULTA EXTERNA",0,0,0,0,0,0,0,0,0,0,0,0,2,1,0,9011
"IMSS PROSPERA",12,"TLALPAN","SAN ANDRES TOTOLTEPEC (TLALPAN 1)","CONSULTA EXTERNA",0,0,0,0,0,0,0,0,0,0,0,0,3,3,0,9012
"IMSS PROSPERA",5,"GUSTAVO A. MADERO","VALLEJO","CONSULTA EXTERNA",0,0,0,0,0,0,0,0,0,0,0,0,3,3,0,9005
"OTROS",2,"AZCAPOTZALCO","BCO. SANGRE CM LA RAZA","CONSULTA EXTERNA",0,0,0,0,1,0,0,0,0,0,0,0,19,16,0,9002
"OTROS",2,"AZCAPOTZALCO","HES CM LA RAZA","HOSPITALIZACIÓN",0,0,1,1,1,0,465,63,0,12,27,0,296,1040,466,9002
"OTROS",2,"AZCAPOTZALCO","UMF 13 AZCAPOTZALCO","CONSULTA EXTERNA",0,0,0,0,1,0,0,6,0,6,0,0,99,89,7,9002
"OTROS",2,"AZCAPOTZALCO","HGO CM LA RAZA","HOSPITALIZACIÓN",0,0,1,1,1,0,306,52,0,0,26,0,257,761,118,9002
"OTROS",2,"AZCAPOTZALCO","HINFEC CM LA RAZA","HOSPITALIZACIÓN",0,0,1,1,1,0,148,14,0,7,5,0,72,317,3,9002
"OTROS",2,"AZCAPOTZALCO","HG CM LA RAZA","HOSPITALIZACIÓN",1,1,1,1,1,0,523,180,0,60,94,0,547,1605,415,9002
"OTROS",2,"AZCAPOTZALCO","U.C. EXTERNA.ESP CM LA RAZA","CONSULTA EXTERNA",0,0,0,0,0,0,0,0,0,0,0,0,0,153,0,9002
"OTROS",2,"AZCAPOTZALCO","UMF 11 PERALVILLO","CONSULTA EXTERNA",0,0,0,0,1,0,0,0,0,0,0,0,63,56,8,9002
"OTROS",2,"AZCAPOTZALCO","UMF 33 ROSARIO","CONSULTA EXTERNA",0,0,0,0,1,0,0,0,0,0,0,0,63,46,69,9002
"OTROS",2,"AZCAPOTZALCO","UMF 36 C.ATZACOALCO","CONSULTA EXTERNA",0,0,0,0,1,0,0,0,0,0,0,0,31,22,6,9002
"OTROS",2,"AZCAPOTZALCO","UMF 40 AZCAPOTZALCO","CONSULTA EXTERNA",0,0,0,0,1,0,0,0,0,0,0,0,31,25,4,9002
"OTROS",3,"COYOACAN","HGZ 32 VILLA COAPA","HOSPITALIZACIÓN",0,0,1,1,1,0,205,78,0,46,0,0,299,519,18,9003
"OTROS",3,"COYOACAN","UMF 15 ERMITA IZTAPALAPA","CONSULTA EXTERNA",0,0,0,0,1,0,0,3,0,3,0,0,93,67,63,9003
"OTROS",3,"COYOACAN","UMF 19 COYOACAN","CONSULTA EXTERNA",0,0,0,0,1,0,0,0,0,0,0,0,50,36,6,9003
"OTROS",3,"COYOACAN","UMF 46 SORIANO","CONSULTA EXTERNA",0,0,0,0,1,0,0,3,0,3,0,0,49,45,6,9003
"OTROS",3,"COYOACAN","U.M.FIS VILLA COAPA","CONSULTA EXTERNA",0,0,0,0,0,0,0,0,0,0,0,0,36,17,28,9003
"OTROS",4,"CUAJIMALPA DE MORELOS","UMF 42 CUAJIMALPA","CONSULTA EXTERNA",0,0,0,1,1,0,0,12,0,6,0,0,61,102,4,9004
"OTROS",5,"GUSTAVO A. MADERO","HGP 3A MAGDALENA SALINAS","HOSPITALIZACIÓN",1,0,1,1,1,1,135,109,0,18,10,0,356,570,11,9005
"OTROS",5,"GUSTAVO A. MADERO","H-ORT MAGDALENA SALINAS","HOSPITALIZACIÓN",0,1,1,1,1,0,262,32,0,0,4,0,141,507,0,9005
"OTROS",5,"GUSTAVO A. MADERO","H PSIQ MORELOS","HOSPITALIZACIÓN",0,0,1,0,0,0,70,2,0,2,0,0,18,68,28,9005
"OTROS",5,"GUSTAVO A. MADERO","HT MAGDALENA SALINAS","HOSPITALIZACIÓN",0,0,1,1,1,1,252,108,0,45,18,0,311,792,159,9005
"OTROS",5,"GUSTAVO A. MADERO","HGZ 24 INSURGENTES","HOSPITALIZACIÓN",1,0,1,1,1,0,157,42,0,30,4,0,167,371,98,9005
"OTROS",5,"GUSTAVO A. MADERO","HGZMF 29 S. JUAN ARAGON","HOSPITALIZACIÓN",0,0,1,1,1,0,143,38,0,30,0,0,224,410,131,9005
"OTROS",5,"GUSTAVO A. MADERO","UMF 20 VALLEJO","CONSULTA EXTERNA",0,0,0,0,1,0,0,0,0,0,0,0,72,66,76,9005
"OTROS",5,"GUSTAVO A. MADERO","UMF 23 U.MORELOS","CONSULTA EXTERNA",0,0,0,0,1,1,0,9,0,9,0,0,101,99,10,9005
"OTROS",5,"GUSTAVO A. MADERO","UMF 3 LA JOYA","CONSULTA EXTERNA",0,0,0,0,1,0,0,4,0,4,0,0,50,44,11,9005
"OTROS",5,"GUSTAVO A. MADERO","UMF 41 FORTUNA","CONSULTA EXTERNA",0,0,0,0,1,0,0,4,0,4,0,0,74,55,9,9005
"OTROS",5,"GUSTAVO A. MADERO","UMF 44 LA ESCALERA","CONSULTA EXTERNA",0,0,0,0,1,0,0,2,0,2,0,0,29,31,3,9005
"OTROS",5,"GUSTAVO A. MADERO","UMF 94 S.JUAN ARAGON","CONSULTA EXTERNA",0,0,0,0,1,0,0,0,0,0,0,0,78,48,71,9005
"OTROS",5,"GUSTAVO A. MADERO","U.M.FIS MAGDALENA SALINAS","CONSULTA EXTERNA",0,0,0,0,0,0,0,0,0,0,0,0,23,67,0,9005
"OTROS",6,"IZTACALCO","HGZ 2A PASO-TRONCOSO","HOSPITALIZACIÓN",1,0,1,1,1,0,277,104,0,50,13,0,331,687,110,9006
"OTROS",6,"IZTACALCO","HGZ 30 IZTACALCO","HOSPITALIZACIÓN",1,0,1,1,1,1,125,46,0,33,6,0,155,331,79,9006
"OTROS",6,"IZTACALCO","UMF 34 C.PANTITLAN","CONSULTA EXTERNA",0,0,0,0,1,0,0,0,0,0,0,0,30,22,4,9006
"OTROS",6,"IZTACALCO","UMF 35 C.7 ZARAGOZA","CONSULTA EXTERNA",0,0,0,0,1,0,0,0,0,0,0,0,69,39,6,9006
"OTROS",6,"IZTACALCO","UMF 45 IZTACALCO","CONSULTA EXTERNA",0,0,0,0,1,0,0,3,0,3,0,0,44,24,4,9006
"OTROS",7,"IZTAPALAPA","HGZ 47 VICENTE GUERRERO","HOSPITALIZACIÓN",0,0,1,1,1,1,166,83,0,53,0,0,197,409,47,9007
"OTROS",7,"IZTAPALAPA","HGR 25 I. ZARAGOZA","HOSPITALIZACIÓN",1,0,1,1,1,0,272,122,0,83,8,0,274,600,110,9007
"OTROS",7,"IZTAPALAPA","UMF 120 ZARAGOZA","CONSULTA EXTERNA",0,0,0,0,1,0,0,13,0,13,0,0,36,58,6,9007
"OTROS",7,"IZTAPALAPA","UMF 160 EL VERGEL","CONSULTA EXTERNA",0,0,0,0,1,0,0,3,0,3,0,0,45,37,5,9007
"OTROS",7,"IZTAPALAPA","UMF 31 IXTAPALAPA","CONSULTA EXTERNA",0,0,0,0,1,1,0,16,0,16,0,0,118,86,78,9007
"OTROS",7,"IZTAPALAPA","UMF 43 ROJO GOMEZ","CONSULTA EXTERNA",0,0,0,0,1,0,0,0,0,0,0,0,26,34,4,9007
"OTROS",8,"LA MAGDALENA CONTRERAS","UMF 140 LA TEJA","CONSULTA EXTERNA",0,0,0,0,1,0,0,4,0,4,0,0,34,41,5,9008
"OTROS",8,"LA MAGDALENA CONTRERAS","UMF 18 CONTRERAS","CONSULTA EXTERNA",0,0,0,0,1,0,0,2,0,2,0,0,33,34,4,9008
"OTROS",8,"LA MAGDALENA CONTRERAS","UMF 22 INDEPENDECIA","CONSULTA EXTERNA",0,0,0,0,1,0,0,4,0,4,0,0,58,40,5,9008
"OTROS",10,"ALVARO OBREGON","HGO 4 SAN ANGEL","HOSPITALIZACIÓN",1,0,1,1,1,1,533,72,0,4,27,0,302,1025,127,9010
"OTROS",10,"ALVARO OBREGON","HGZMF 8 SAN ANGEL","HOSPITALIZACIÓN",1,0,1,1,1,1,136,64,0,50,4,0,263,469,163,9010
"OTROS",10,"ALVARO OBREGON","UMF 12 SANTA FE","CONSULTA EXTERNA",0,0,0,0,1,0,0,0,0,0,0,0,45,36,4,9010
"OTROS",12,"TLALPAN","H PSIQ SAN FERNANDO","HOSPITALIZACIÓN",0,0,1,0,0,0,92,3,0,3,0,0,19,74,0,9012
"OTROS",12,"TLALPAN","UMF 7 CALZ. TLALPAN","CONSULTA EXTERNA",0,0,0,0,1,0,0,4,0,4,0,0,97,75,72,9012
"OTROS",14,"BENITO JUAREZ","HGZ 1A VENADOS","HOSPITALIZACIÓN",1,0,1,1,1,1,258,87,0,37,14,0,290,709,129,9014
"OTROS",14,"BENITO JUAREZ","HGZ 1 CARLOS MCGREGOR","HOSPITALIZACIÓN",1,0,1,1,1,1,214,86,0,53,17,0,362,681,230,9014
"OTROS",14,"BENITO JUAREZ","UMF 28 DEL VALLE","CONSULTA EXTERNA",0,0,0,0,1,1,0,32,0,32,0,0,97,109,67,9014
"OTROS",14,"BENITO JUAREZ","UMF 9 S.PEDRO PINOS","CONSULTA EXTERNA",0,0,0,0,1,0,0,7,0,7,0,0,87,72,9,9014
"OTROS",15,"CUAUHTEMOC","BCO. SANGRE CMN SIGLO XXI","CONSULTA EXTERNA",0,0,0,0,1,0,0,0,0,0,0,0,14,17,0,9015
"OTROS",15,"CUAUHTEMOC","HCARD CMN SIGLO XXI","HOSPITALIZACIÓN",1,0,1,1,1,1,168,92,0,10,56,0,195,628,72,9015
"OTROS",15,"CUAUHTEMOC","HES CMN SIGLO XXI","HOSPITALIZACIÓN",1,0,1,1,1,0,323,60,0,18,20,0,343,975,623,9015
"OTROS",15,"CUAUHTEMOC","HONCOL CMN SIGLO XXI","HOSPITALIZACIÓN",1,0,1,1,1,0,144,20,0,10,10,0,195,527,105,9015
"OTROS",15,"CUAUHTEMOC","HPED CMN SIGLO XXI","HOSPITALIZACIÓN",1,0,1,1,1,0,184,67,0,12,25,0,186,597,155,9015
"OTROS",15,"CUAUHTEMOC","HGZ 27 TLATELOLCO","HOSPITALIZACIÓN",0,0,1,1,1,1,120,41,0,33,0,0,175,409,128,9015
"OTROS",15,"CUAUHTEMOC","HGZMF26 CONDESA","HOSPITALIZACIÓN",0,0,0,0,1,1,0,14,0,14,0,0,101,113,4,9015
"OTROS",15,"CUAUHTEMOC","UMF 1 COL. ROMA","CONSULTA EXTERNA",0,0,0,0,1,0,0,3,0,3,0,0,41,66,3,9015
"OTROS",15,"CUAUHTEMOC","UMF 16 COL. GUERRERO","CONSULTA EXTERNA",0,0,0,0,1,0,0,0,0,0,0,0,36,34,7,9015
"OTROS",15,"CUAUHTEMOC","UMF 2 STA.MARÍA","CONSULTA EXTERNA",0,0,0,0,1,0,0,0,0,0,0,0,84,50,11,9015
"OTROS",15,"CUAUHTEMOC","UMF 37 CFE.ALAMEDA","CONSULTA EXTERNA",0,0,0,0,0,0,0,0,0,0,0,0,5,9,1,9015
"OTROS",15,"CUAUHTEMOC","UMF 38 CFE P. ESPAÑA","CONSULTA EXTERNA",0,0,0,0,0,0,0,0,0,0,0,0,7,5,0,9015
"OTROS",15,"CUAUHTEMOC","UMF 39 CFE XOLA","CONSULTA EXTERNA",0,0,0,0,0,0,0,0,0,0,0,0,7,7,0,9015
"OTROS",15,"CUAUHTEMOC","UMF 4 DOCTORES","CONSULTA EXTERNA",0,0,0,0,1,0,0,5,0,5,0,0,58,56,4,9015
"OTROS",15,"CUAUHTEMOC","UMF 6 MERCED","CONSULTA EXTERNA",0,0,0,0,1,0,0,2,0,2,0,0,35,46,6,9015
"OTROS",15,"CUAUHTEMOC","U.M.FIS HOSP. COLONIA","CONSULTA EXTERNA",0,0,1,0,0,0,50,0,0,0,0,0,0,0,0,9015
"OTROS",16,"MIGUEL HIDALGO","UMF 17 LEGARIA","CONSULTA EXTERNA",0,0,0,0,1,0,0,4,0,4,0,0,56,46,8,9016
"OTROS",16,"MIGUEL HIDALGO","UMF 5 C.ANÁHUAC","CONSULTA EXTERNA",0,0,0,0,1,0,0,0,0,0,0,0,61,49,8,9016
"OTROS",17,"VENUSTIANO CARRANZA","UMF 14 AEROPUERTO","CONSULTA EXTERNA",0,0,0,0,1,0,0,2,0,2,0,0,55,53,11,9017
"OTROS",17,"VENUSTIANO CARRANZA","UMF 21 FCO. DEL PASO","CONSULTA EXTERNA",0,0,0,0,1,1,0,11,0,11,0,0,104,70,69,9017
"OTROS",5,"GUSTAVO A. MADERO","UMF 49 EL ARBOLILLO","CONSULTA EXTERNA",0,0,0,0,0,0,0,3,0,3,0,0,24,38,3,9005
"OTROS",14,"BENITO JUAREZ","H PSIQUIATRICO MF10 POSTAL","HOSPITALIZACIÓN",0,0,1,0,1,0,20,11,0,11,0,0,105,148,6,9014
"OTROS",10,"ALVARO OBREGON","UMF 161 AV. TOLUCA","CONSULTA EXTERNA",0,0,0,1,1,0,0,17,0,5,0,0,54,90,5,9010
"OTROS",3,"COYOACAN","HGR 2 VILLA COAPA","HOSPITALIZACIÓN",1,0,1,1,1,1,237,93,0,55,13,0,323,663,131,9003
"OTROS",7,"IZTAPALAPA","UMF 162 C/UMAA","CONSULTA EXTERNA",0,0,0,1,1,1,0,31,0,7,0,0,63,94,8,9007
"OTROS",2,"AZCAPOTZALCO","HGZ NO. 48 SAN PEDRO XALPA","HOSPITALIZACIÓN",1,0,1,1,1,1,176,75,0,33,8,0,185,421,143,9002
"OTROS",3,"COYOACAN","UNIDAD DE MEDICINA FAMILIAR NO. 163","CONSULTA EXTERNA",0,0,0,0,1,0,0,0,0,0,0,0,33,12,0,9003
"OTROS",15,"CUAUHTEMOC","UNIDAD DE DETECCIÓN Y DIAGNOSTICO CÁNCER DE MAMA NO. 1","ESTABLECIMIENTO DE APOYO",0,0,0,0,0,0,0,0,0,0,0,0,8,9,0,9015
"OTROS",5,"GUSTAVO A. MADERO","CLÍNICA DE MAMA NORTE DEL DF ","ESTABLECIMIENTO DE APOYO",0,0,0,0,0,0,0,0,0,0,0,0,9,9,0,9005
"OTROS",7,"IZTAPALAPA","UNIDAD DE MEDICINA FAMILIAR NO. 164","CONSULTA EXTERNA",0,0,0,0,0,0,0,0,0,0,0,0,21,8,0,9007
"ISSSTE",2,"AZCAPOTZALCO","CUITLAHUAC","CONSULTA EXTERNA",0,0,0,0,1,1,0,1,0,0,0,0,55,39,0,9002
"ISSSTE",2,"AZCAPOTZALCO","AZCAPOTZALCO","CONSULTA EXTERNA",0,0,0,0,1,0,0,1,0,0,0,0,33,28,0,9002
"ISSSTE",3,"COYOACAN","CHURUBUSCO","CONSULTA EXTERNA",0,0,0,0,1,0,0,1,0,0,0,0,97,81,0,9003
"ISSSTE",3,"COYOACAN","DR. IGNACIO CHAVEZ","CONSULTA EXTERNA",0,0,0,0,1,0,0,0,0,0,0,0,48,39,4,9003
"ISSSTE",3,"COYOACAN","DIVISION DEL NORTE","CONSULTA EXTERNA",0,0,0,0,1,0,0,1,0,0,0,0,35,26,0,9003
"ISSSTE",3,"COYOACAN","COYOACAN","CONSULTA EXTERNA",0,0,0,0,1,0,0,0,0,0,0,0,42,23,0,9003
"ISSSTE",5,"GUSTAVO A. MADERO","GUSTAVO A. MADERO","CONSULTA EXTERNA",0,0,0,0,1,0,0,0,0,0,0,0,32,34,5,9005
"ISSSTE",5,"GUSTAVO A. MADERO","ARAGON","CONSULTA EXTERNA",0,0,0,0,1,0,0,1,0,0,0,0,45,38,0,9005
"ISSSTE",5,"GUSTAVO A. MADERO","PRIMERO DE OCTUBRE","HOSPITALIZACIÓN",1,0,1,1,1,1,267,85,0,39,2,0,486,924,153,9005
"ISSSTE",5,"GUSTAVO A. MADERO","CENTRO DE CIRUGIA AMBULATORIA 1O DE OCTUBRE","CONSULTA EXTERNA",0,0,0,0,0,0,0,0,0,0,0,0,47,67,0,9005
"ISSSTE",7,"IZTAPALAPA","ORIENTE","CONSULTA EXTERNA",0,0,0,0,1,0,0,1,0,0,0,0,39,44,9,9007
"ISSSTE",7,"IZTAPALAPA","IZTAPALAPA I","CONSULTA EXTERNA",0,0,0,0,1,0,0,1,0,0,0,0,45,44,0,9007
"ISSSTE",7,"IZTAPALAPA","IZTAPALAPA II","CONSULTA EXTERNA",0,0,0,0,1,0,0,0,0,0,0,0,30,33,0,9007
"ISSSTE",7,"IZTAPALAPA","ERMITA ZARAGOZA","CONSULTA EXTERNA",0,0,0,0,1,0,0,1,0,0,0,0,30,18,0,9007
"ISSSTE",7,"IZTAPALAPA","GRAL. JOSE MARIA MORELOS Y PAVON","HOSPITALIZACIÓN",1,0,1,1,1,1,91,48,0,32,2,0,198,302,0,9007
"ISSSTE",7,"IZTAPALAPA","GRAL. IGNACIO ZARAGOZA","HOSPITALIZACIÓN",1,0,1,1,1,1,341,102,0,48,2,0,458,933,109,9007
"ISSSTE",9,"MILPA ALTA","MILPA ALTA","CONSULTA EXTERNA",0,0,0,0,1,0,0,0,0,0,0,0,18,18,0,9009
"ISSSTE",10,"ALVARO OBREGON","VILLA ALVARO OBREGON","CONSULTA EXTERNA",0,0,0,0,1,0,0,0,0,0,0,0,43,30,0,9010
"ISSSTE",10,"ALVARO OBREGON","DR. FERNANDO QUIROZ GUTIERREZ","HOSPITALIZACIÓN",1,0,1,1,1,1,137,37,0,30,2,0,256,448,42,9010
"ISSSTE",10,"ALVARO OBREGON","LIC. ADOLFO LOPEZ MATEOS","HOSPITALIZACIÓN",1,0,1,1,1,1,272,87,0,55,4,0,531,828,233,9010
"ISSSTE",10,"ALVARO OBREGON","CLIDDA","CONSULTA EXTERNA",0,0,0,0,1,0,0,0,0,0,0,0,28,37,0,9010
"ISSSTE",12,"TLALPAN","# 17 ISSSTE (SAN FERNANDO 547)","CONSULTA EXTERNA",0,0,0,0,0,0,0,0,0,0,0,0,0,0,0,9012
"ISSSTE",12,"TLALPAN","TLALPAN","CONSULTA EXTERNA",0,0,0,0,1,0,0,1,0,0,0,0,35,32,0,9012
"ISSSTE",12,"TLALPAN","FUENTES BROTANTES","CONSULTA EXTERNA",0,0,0,0,1,0,0,0,0,0,0,0,12,15,0,9012
"ISSSTE",13,"XOCHIMILCO","XOCHIMILCO","CONSULTA EXTERNA",0,0,0,0,1,0,0,0,0,0,0,0,44,46,0,9013
"ISSSTE",14,"BENITO JUAREZ","NARVARTE","CONSULTA EXTERNA",0,0,0,0,1,0,0,1,0,0,0,0,44,37,0,9014
"ISSSTE",14,"BENITO JUAREZ","DEL VALLE","CONSULTA EXTERNA",0,0,0,0,1,0,0,1,0,0,0,0,30,18,0,9014
"ISSSTE",14,"BENITO JUAREZ","ERMITA","CONSULTA EXTERNA",0,0,0,0,1,0,0,0,0,0,0,0,35,22,0,9014
"ISSSTE",14,"BENITO JUAREZ","REVOLUCION","CONSULTA EXTERNA",0,0,0,0,1,0,0,1,0,0,0,0,36,26,0,9014
"ISSSTE",14,"BENITO JUAREZ","20 DE NOVIEMBRE","HOSPITALIZACIÓN",1,0,1,1,1,1,377,71,0,18,4,0,580,1233,341,9014
"ISSSTE",14,"BENITO JUAREZ","DR. DARIO FERNANDEZ FIERRO","HOSPITALIZACIÓN",1,0,1,1,1,1,175,24,0,20,1,0,308,513,49,9014
"ISSSTE",15,"CUAUHTEMOC","# 51 ISSSTE PLAZA DE LA REPUBLICA","CONSULTA EXTERNA",0,0,0,0,0,0,0,0,0,0,0,0,0,0,0,9015
"ISSSTE",15,"CUAUHTEMOC","INDIANILLA","CONSULTA EXTERNA",0,0,0,0,1,0,0,1,0,0,0,0,53,54,0,9015
"ISSSTE",15,"CUAUHTEMOC","DR. HONORATO VILLA ESP. DENTALES","CONSULTA EXTERNA",0,0,0,0,0,0,0,6,0,0,0,0,36,33,0,9015
"ISSSTE",15,"CUAUHTEMOC","NEUROPSIQUIATRIA","CONSULTA EXTERNA",0,0,0,0,0,0,0,1,0,0,0,0,15,10,0,9015
"ISSSTE",15,"CUAUHTEMOC","GUADALUPE","CONSULTA EXTERNA",0,0,0,0,1,0,0,1,0,0,0,0,28,26,0,9015
"ISSSTE",15,"CUAUHTEMOC","CINCO DE FEBRERO","CONSULTA EXTERNA",0,0,0,0,1,0,0,0,0,0,0,0,22,17,0,9015
"ISSSTE",15,"CUAUHTEMOC","JUAREZ","CONSULTA EXTERNA",0,0,0,0,1,0,0,0,0,0,0,0,31,27,0,9015
"ISSSTE",15,"CUAUHTEMOC","SAN ANTONIO ABAD","CONSULTA EXTERNA",0,0,0,0,1,0,0,0,0,0,0,0,25,23,0,9015
"ISSSTE",15,"CUAUHTEMOC","DR. JAVIER DOMINGUEZ ESTRADA","CONSULTA EXTERNA",0,0,0,0,1,0,0,0,0,0,0,0,26,19,0,9015
"ISSSTE",15,"CUAUHTEMOC","PERALVILLO","CONSULTA EXTERNA",0,0,0,0,1,0,0,1,0,0,0,0,13,17,0,9015
"ISSSTE",15,"CUAUHTEMOC","GUERRERO","CONSULTA EXTERNA",0,0,0,0,1,0,0,0,0,0,0,0,28,29,0,9015
"ISSSTE",15,"CUAUHTEMOC","SANTA MARIA","CONSULTA EXTERNA",0,0,0,0,1,0,0,1,0,0,0,0,24,22,0,9015
"ISSSTE",15,"CUAUHTEMOC","PERU","CONSULTA EXTERNA",0,0,0,0,1,0,0,1,0,0,0,0,35,30,0,9015
"ISSSTE",15,"CUAUHTEMOC","DR. GONZALO CASTAÑEDA","HOSPITALIZACIÓN",0,0,0,0,0,0,0,0,0,0,0,0,0,0,0,9015
"ISSSTE",15,"CUAUHTEMOC","ESTANCIA TEMPORAL PARA ENFERMOS DE LOS ESTADOS (MISTERIOS)","ESTABLECIMIENTO DE APOYO",0,0,0,0,0,0,0,0,0,0,0,0,6,17,0,9015
"ISSSTE",15,"CUAUHTEMOC","CENTRO DE APOYO DIAGNOSTICO SAN RAFAEL","CONSULTA EXTERNA",0,0,0,0,1,0,0,1,0,0,0,0,15,4,0,9015
"ISSSTE",16,"MIGUEL HIDALGO","DR. ALBERTO PISANTY OVADIA","CONSULTA EXTERNA",0,0,0,0,1,0,0,0,0,0,0,0,49,49,0,9016
"ISSSTE",16,"MIGUEL HIDALGO","MARINA NACIONAL","CONSULTA EXTERNA",0,0,0,0,1,0,0,1,0,0,0,0,26,23,8,9016
"ISSSTE",16,"MIGUEL HIDALGO","LEGARIA","CONSULTA EXTERNA",0,0,0,0,1,0,0,0,0,0,0,0,25,26,0,9016
"ISSSTE",16,"MIGUEL HIDALGO","OBSERVATORIO","CONSULTA EXTERNA",0,0,0,0,1,0,0,1,0,0,0,0,31,30,0,9016
"ISSSTE",16,"MIGUEL HIDALGO","TACUBA","HOSPITALIZACIÓN",1,0,1,1,1,1,101,8,0,0,2,0,287,540,52,9016
"ISSSTE",17,"VENUSTIANO CARRANZA","BALBUENA","CONSULTA EXTERNA",0,0,0,0,1,0,0,1,0,0,0,0,55,49,0,9017
"ISSSTE",17,"VENUSTIANO CARRANZA","MORELOS","CONSULTA EXTERNA",0,0,0,0,1,0,0,1,0,0,0,0,30,27,0,9017
"ISSSTE",17,"VENUSTIANO CARRANZA","MOCTEZUMA","CONSULTA EXTERNA",0,0,0,0,1,0,0,1,0,0,0,0,41,40,0,9017
"ISSSTE",2,"AZCAPOTZALCO","# 32 S.P.M.","CONSULTA EXTERNA",0,0,0,0,0,0,0,0,0,0,0,0,0,0,0,9002
"ISSSTE",3,"COYOACAN","# 65 S.H.C.P.","CONSULTA EXTERNA",0,0,0,0,0,0,0,0,0,0,0,0,0,0,0,9003
"ISSSTE",3,"COYOACAN","U.H.F. INTEGRACION LATINOAMERICANA","CONSULTA EXTERNA",0,0,0,0,0,0,0,0,0,0,0,0,1,1,0,9003
"ISSSTE",4,"CUAJIMALPA DE MORELOS","CUAJIMALPA","CONSULTA EXTERNA",0,0,0,0,0,0,0,1,0,0,0,0,11,8,0,9004
"ISSSTE",5,"GUSTAVO A. MADERO","C.I.E.A. DEL I.P.N","CONSULTA EXTERNA",0,0,0,0,0,0,0,0,0,0,0,0,0,0,0,9005
"ISSSTE",5,"GUSTAVO A. MADERO","# 15 SAGARPA","CONSULTA EXTERNA",0,0,0,0,0,0,0,0,0,0,0,0,0,0,0,9005
"ISSSTE",5,"GUSTAVO A. MADERO","# 61 SAGARPA","CONSULTA EXTERNA",0,0,0,0,0,0,0,0,0,0,0,0,0,0,0,9005
"ISSSTE",7,"IZTAPALAPA","LEONARDO Y NICOLAS BRAVO","CONSULTA EXTERNA",0,0,0,0,1,0,0,1,0,0,0,0,63,117,0,9007
"ISSSTE",10,"ALVARO OBREGON","S.F.P. (ANTES SECODAM)","CONSULTA EXTERNA",0,0,0,0,0,0,0,0,0,0,0,0,0,0,0,9010
"ISSSTE",12,"TLALPAN","MEDICINA FISICA Y REHABILITACION","CONSULTA EXTERNA",0,0,0,0,0,0,0,0,0,0,0,0,12,13,0,9012
"ISSSTE",12,"TLALPAN","# 41 U.P.N.  S.E.P","CONSULTA EXTERNA",0,0,0,0,0,0,0,0,0,0,0,0,0,0,0,9012
"ISSSTE",13,"XOCHIMILCO","# 68 S.H.C.P.","CONSULTA EXTERNA",0,0,0,0,0,0,0,0,0,0,0,0,0,0,0,9013
"ISSSTE",14,"BENITO JUAREZ","CENTRO URBANO PDTE. MIGUEL ALEMAN","CONSULTA EXTERNA",0,0,0,0,0,0,0,0,0,0,0,0,0,0,0,9014
"ISSSTE",14,"BENITO JUAREZ","S.H.C.P INSURGENTES SUR 795","CONSULTA EXTERNA",0,0,0,0,0,0,0,0,0,0,0,0,0,0,0,9014
"ISSSTE",14,"BENITO JUAREZ","S.H.C.P. PESTALOZZI 37","CONSULTA EXTERNA",0,0,0,0,0,0,0,0,0,0,0,0,0,0,0,9014
"ISSSTE",14,"BENITO JUAREZ","# 27 D.I.F.","CONSULTA EXTERNA",0,0,0,0,0,0,0,0,0,0,0,0,0,0,0,9014
"ISSSTE",15,"CUAUHTEMOC","# 14 ISSSTE (FRAY SERVANDO)","CONSULTA EXTERNA",0,0,0,0,0,0,0,0,0,0,0,0,0,0,0,9015
"ISSSTE",15,"CUAUHTEMOC","# 9 JUNTA DE CONCILIACION Y ARBITRAJE","CONSULTA EXTERNA",0,0,0,0,0,0,0,0,0,0,0,0,0,0,0,9015
"ISSSTE",15,"CUAUHTEMOC","# 19 S.G.","CONSULTA EXTERNA",0,0,0,0,0,0,0,0,0,0,0,0,0,0,0,9015
"ISSSTE",15,"CUAUHTEMOC","# 22 C.O.F.A.A. DEL I.P.N.","CONSULTA EXTERNA",0,0,0,0,0,0,0,0,0,0,0,0,0,0,0,9015
"ISSSTE",15,"CUAUHTEMOC","# 16 SAGARPA","CONSULTA EXTERNA",0,0,0,0,0,0,0,0,0,0,0,0,0,0,0,9015
"ISSSTE",15,"CUAUHTEMOC","# 62 S.H.C.P.","CONSULTA EXTERNA",0,0,0,0,0,0,0,0,0,0,0,0,0,0,0,9015
"ISSSTE",15,"CUAUHTEMOC","# 55 P.F.C.","CONSULTA EXTERNA",0,0,0,0,0,0,0,0,0,0,0,0,0,0,0,9015
"ISSSTE",15,"CUAUHTEMOC","# 20 S.R.E.","CONSULTA EXTERNA",0,0,0,0,0,0,0,0,0,0,0,0,0,0,0,9015
"ISSSTE",15,"CUAUHTEMOC","S.H.C.P. COMPLEJO HIDALGO # 1","CONSULTA EXTERNA",0,0,0,0,0,0,0,0,0,0,0,0,0,0,0,9015
"ISSSTE",15,"CUAUHTEMOC","FOMENTO DEPORTIVO ISSSTE","CONSULTA EXTERNA",0,0,0,0,0,0,0,0,0,0,0,0,0,0,0,9015
"ISSSTE",15,"CUAUHTEMOC","SINDICATO NACIONAL DE LA S.H.C.P.","CONSULTA EXTERNA",0,0,0,0,0,0,0,0,0,0,0,0,0,0,0,9015
"ISSSTE",15,"CUAUHTEMOC","S.H.C.P. COMPLEJO HIDALGO # 2","CONSULTA EXTERNA",0,0,0,0,0,0,0,0,0,0,0,0,0,0,0,9015
"ISSSTE",15,"CUAUHTEMOC","S.H.C.P. (ANTES CABALLITO)","CONSULTA EXTERNA",0,0,0,0,0,0,0,0,0,0,0,0,0,0,0,9015
"ISSSTE",15,"CUAUHTEMOC","# 28 SAGARPA","CONSULTA EXTERNA",0,0,0,0,0,0,0,0,0,0,0,0,0,0,0,9015
"ISSSTE",15,"CUAUHTEMOC","# 30 SINDICATO SAGARPA","CONSULTA EXTERNA",0,0,0,0,0,0,0,0,0,0,0,0,0,0,0,9015
"ISSSTE",15,"CUAUHTEMOC","F.S.T.S.E.","CONSULTA EXTERNA",0,0,0,0,0,0,0,0,0,0,0,0,0,0,0,9015
"ISSSTE",15,"CUAUHTEMOC","SINDICATO  DE  SEMARNAT","CONSULTA EXTERNA",0,0,0,0,0,0,0,0,0,0,0,0,0,0,0,9015
"ISSSTE",15,"CUAUHTEMOC","# 23 S.E.P.","CONSULTA EXTERNA",0,0,0,0,0,0,0,0,0,0,0,0,0,0,0,9015
"ISSSTE",15,"CUAUHTEMOC","PALACIO NACIONAL","CONSULTA EXTERNA",0,0,0,0,0,0,0,0,0,0,0,0,0,0,0,9015
"ISSSTE",16,"MIGUEL HIDALGO","# 50 SAGARPA","CONSULTA EXTERNA",0,0,0,0,0,0,0,0,0,0,0,0,0,0,0,9016
"ISSSTE",16,"MIGUEL HIDALGO","SRIA. DE RELACIONES EXTERIORES","CONSULTA EXTERNA",0,0,0,0,0,0,0,0,0,0,0,0,0,0,0,9016
"ISSSTE",16,"MIGUEL HIDALGO","# 26 S.H.C.P.","CONSULTA EXTERNA",0,0,0,0,0,0,0,0,0,0,0,0,0,0,0,9016
"ISSSTE",16,"MIGUEL HIDALGO","ISSFAM","CONSULTA EXTERNA",0,0,0,0,0,0,0,0,0,0,0,0,0,0,0,9016
"ISSSTE",14,"BENITO JUAREZ","AUDITORÍA SUPERIOR DE LA FEDERACIÓN","CONSULTA EXTERNA",0,0,0,0,0,0,0,0,0,0,0,0,0,0,0,9014
"ISSSTE",16,"MIGUEL HIDALGO","PRESIDENCIA","CONSULTA EXTERNA",0,0,0,0,0,0,0,0,0,0,0,0,0,0,0,9016
"PEMEX",2,"AZCAPOTZALCO","HOSPITAL CENTRAL NORTE","HOSPITALIZACIÓN",1,0,1,1,1,1,115,50,5,12,12,0,188,372,0,9002
"PEMEX",12,"TLALPAN","HOSPITAL CENTRAL SUR DE ALTA ESPECIALIDAD","HOSPITALIZACIÓN",1,0,1,1,1,1,165,57,10,10,9,0,206,353,0,9012
"PEMEX",5,"GUSTAVO A. MADERO","VALLEJO,D.F.","CONSULTA EXTERNA",0,0,0,0,0,0,0,0,0,0,0,0,10,7,0,9005
"SEDENA",7,"IZTAPALAPA","ENFERMERÍA MILITAR DEL VERGEL, D. F.","HOSPITALIZACIÓN",0,1,1,1,1,1,36,15,3,9,0,3,21,26,0,9007
"SEDENA",10,"ALVARO OBREGON","ENFERMERÍA","HOSPITALIZACIÓN",0,0,1,0,1,0,12,0,0,0,0,0,36,60,12,9010
"SEDENA",12,"TLALPAN","ENFERMERÍA MILITAR DEL HERÓICO COLEGIO MILITAR, D. F.","HOSPITALIZACIÓN",0,0,1,0,1,1,18,6,1,5,0,0,10,10,0,9012
"SEDENA",15,"CUAUHTEMOC","ENFERMERÍA MILITAR DE POPOTLA, D. F.","HOSPITALIZACIÓN",0,0,0,0,1,0,0,0,0,0,0,0,1,8,0,9015
"SEDENA",16,"MIGUEL HIDALGO","CENTRO HOSPITALARIO DEL ESTADO MAYOR PRESIDENCIAL","HOSPITALIZACIÓN",0,0,1,1,1,1,24,8,4,2,0,0,56,48,4,9016
"SEDENA",16,"MIGUEL HIDALGO","HOSPITAL MILITAR DE ESPECIALIDADES DE LA MUJER Y NEONATOLOGIA","HOSPITALIZACIÓN",1,1,1,1,1,1,209,57,1,10,8,3,121,207,192,9016
"SEDENA",16,"MIGUEL HIDALGO","ENFERMERÍA MILITAR DEL CAMPO MILITAR. NO. 1-A, D. F.","HOSPITALIZACIÓN",0,0,1,1,1,1,46,11,0,7,0,0,21,48,0,9016
"SEDENA",16,"MIGUEL HIDALGO","HOSPITAL CENTRAL MILITAR","HOSPITALIZACIÓN",1,0,1,1,1,1,675,104,19,25,14,0,340,649,605,9016
"SEMAR",3,"COYOACAN","CLÍNICA NAVAL DEL SUR","CONSULTA EXTERNA",0,0,0,0,1,0,0,7,0,7,0,0,43,0,0,9003
"SEMAR",12,"TLALPAN","CLÍICA NAVAL DE CUEMANCO","CONSULTA EXTERNA",0,0,0,0,1,0,0,6,0,6,0,0,34,0,0,9012
"SEMAR",3,"COYOACAN","HOSPITAL GENERAL NAVAL DE ALTA ESPECIALIDAD","HOSPITALIZACIÓN",1,1,1,0,1,1,156,85,0,21,29,0,241,0,0,9003
"SME",6,"IZTACALCO","C.A.I.S. CORUÑA NIÑOS","CONSULTA EXTERNA",0,0,0,0,0,0,0,0,0,0,0,0,0,0,0,9006
"SME",3,"COYOACAN","C.A.I.S. CUEMANCO","CONSULTA EXTERNA",0,0,0,0,0,0,0,0,0,0,0,0,0,0,0,9003
"SME",3,"COYOACAN","C.A.I.S. ATLAMPA","CONSULTA EXTERNA",0,0,0,0,0,0,0,0,0,0,0,0,0,0,0,9003
"SME",5,"GUSTAVO A. MADERO","C.A.I.S.  CUAUTEPEC","CONSULTA EXTERNA",0,0,0,0,0,0,0,0,0,0,0,0,0,0,0,9005
"SME",5,"GUSTAVO A. MADERO","C.A.I.S. VILLA MARGARITA","CONSULTA EXTERNA",0,0,0,0,0,0,0,0,0,0,0,0,0,0,0,9005
"SME",3,"COYOACAN","METRO CLÍNICA","CONSULTA EXTERNA",0,0,0,0,0,0,0,0,0,0,0,0,0,0,0,9003
"SME",15,"CUAUHTEMOC","CLÍNICA METRO","CONSULTA EXTERNA",0,0,0,0,0,0,0,0,0,0,0,0,0,0,0,9015
"SME",5,"GUSTAVO A. MADERO","CLÍNICA DEL METRO","CONSULTA EXTERNA",0,0,0,0,0,0,1,0,0,0,0,0,0,0,0,9005
"SME",17,"VENUSTIANO CARRANZA","METRO CLÍNICA","CONSULTA EXTERNA",0,0,0,0,0,0,2,0,0,0,0,0,0,0,0,9017
"SME",7,"IZTAPALAPA","UNIDAD DE HOSPITALIZACIÓN IZTAPALAPA (CENTROS DE INTEGRACIÓN JUVENIL A.C.)","HOSPITALIZACIÓN",0,0,0,0,0,0,30,0,0,0,0,0,0,0,0,9007
"SSA",2,"AZCAPOTZALCO","HOSPITAL PEDIÁTRICO AZCAPOTZALCO","HOSPITALIZACIÓN",0,0,1,1,1,1,16,7,2,3,0,0,75,70,0,9002
"SSA",2,"AZCAPOTZALCO","HOSPITAL MATERNO INFANTIL DR. NICOLÁS M. CEDILLO","HOSPITALIZACIÓN",0,0,1,1,1,1,19,9,1,2,0,0,70,83,0,9002
"SSA",2,"AZCAPOTZALCO","CONSULTORIO MÉDICO LEGAL DE LA COORDINACIÓN TERRITORIAL AZC- 2,3,4","CONSULTA EXTERNA",0,0,0,0,0,0,0,0,0,0,0,0,9,0,0,9002
"SSA",2,"AZCAPOTZALCO","C.S.T-I PROHOGAR","CONSULTA EXTERNA",0,0,0,0,0,0,0,0,0,0,0,0,2,2,0,9002
"SSA",2,"AZCAPOTZALCO","C.S.T-I SAN MIGUEL AMANTLA","CONSULTA EXTERNA",0,0,0,0,0,0,0,0,0,0,0,0,2,2,0,9002
"SSA",2,"AZCAPOTZALCO","C.S.T-I SAN PEDRO XALPA","CONSULTA EXTERNA",0,0,0,0,0,0,0,0,0,0,0,0,2,2,0,9002
"SSA",2,"AZCAPOTZALCO","C.S.T-I SANTA CATARINA","CONSULTA EXTERNA",0,0,0,0,0,0,0,0,0,0,0,0,4,0,0,9002
"SSA",2,"AZCAPOTZALCO","C.S.T-I SANTA INÉS","CONSULTA EXTERNA",0,0,0,0,0,0,0,0,0,0,0,0,1,1,0,9002
"SSA",2,"AZCAPOTZALCO","C.S.T-I TLATILCO","CONSULTA EXTERNA",0,0,0,0,0,0,0,0,0,0,0,0,2,2,0,9002
"SSA",2,"AZCAPOTZALCO","C.S.T-I REYNOSA","CONSULTA EXTERNA",0,0,0,0,0,0,0,0,0,0,0,0,1,1,0,9002
"SSA",2,"AZCAPOTZALCO","C.S.T-I SANTA BÁRBARA","CONSULTA EXTERNA",0,0,0,0,0,0,0,0,0,0,0,0,2,1,0,9002
"SSA",2,"AZCAPOTZALCO","C.S.T-I 23 DE ABRIL","CONSULTA EXTERNA",0,0,0,0,0,0,0,0,0,0,0,0,5,1,0,9002
"SSA",2,"AZCAPOTZALCO","C.S.T-II TEZOZOMOC","CONSULTA EXTERNA",0,0,0,0,0,0,0,0,0,0,0,0,14,27,10,9002
"SSA",2,"AZCAPOTZALCO","C.S.T-III DR. MANUEL MARTÍNEZ BAEZ","CONSULTA EXTERNA",0,0,0,0,1,0,0,0,0,0,0,0,34,25,9,9002
"SSA",2,"AZCAPOTZALCO","C.S.T-II EL ARENAL","CONSULTA EXTERNA",0,0,0,0,1,0,0,0,0,0,0,0,25,22,14,9002
"SSA",2,"AZCAPOTZALCO","C.S.T-II SANTIAGO AHUIZOTLA","CONSULTA EXTERNA",0,0,0,0,1,0,0,0,0,0,0,0,16,27,5,9002
"SSA",2,"AZCAPOTZALCO","C.S.T-III DR. GALO SOBERÓN Y PARRA","CONSULTA EXTERNA",0,0,0,0,1,0,0,0,0,0,0,0,47,33,0,9002
"SSA",3,"COYOACAN","HOSPITAL PEDIÁTRICO COYOACÁN","HOSPITALIZACIÓN",1,0,1,1,1,1,49,23,0,8,5,0,84,140,0,9003
"SSA",3,"COYOACAN","CONSULTORIO MÉDICO LEGAL DE LA COORDINACIÓN TERRITORIAL COY- 1,2","CONSULTA EXTERNA",0,0,0,0,0,0,0,0,0,0,0,0,5,0,0,9003
"SSA",3,"COYOACAN","CONSULTORIO MÉDICO LEGAL DE LA COORDINACIÓN TERRITORIAL COY- 5","CONSULTA EXTERNA",0,0,0,0,0,0,0,0,0,0,0,0,7,0,0,9003
"SSA",3,"COYOACAN","CONSULTORIO MÉDICO LEGAL DE LA COORDINACIÓN TERRITORIAL COY- 4","CONSULTA EXTERNA",0,0,0,0,0,0,0,0,0,0,0,0,2,0,0,9003
"SSA",3,"COYOACAN","C.S.T-I EJIDOS DE SANTA URSULA","CONSULTA EXTERNA",0,0,0,0,0,0,0,0,0,0,0,0,1,1,0,9003
"SSA",3,"COYOACAN","C.S.T-I COPILCO EL ALTO","CONSULTA EXTERNA",0,0,0,0,0,0,0,0,0,0,0,0,1,1,0,9003
"SSA",3,"COYOACAN","C.S.T-I SANTO DOMINGO PONIENTE","CONSULTA EXTERNA",0,0,0,0,0,0,0,0,0,0,0,0,1,1,0,9003
"SSA",3,"COYOACAN","C.S.T-I LA CIÉNEGA","CONSULTA EXTERNA",0,0,0,0,0,0,0,0,0,0,0,0,6,1,0,9003
"SSA",3,"COYOACAN","C.S.T-I SANTO DOMINGO ORIENTE","CONSULTA EXTERNA",0,0,0,0,0,0,0,0,0,0,0,0,4,1,0,9003
"SSA",3,"COYOACAN","C.S.T-II AJUSCO","CONSULTA EXTERNA",0,0,0,0,0,0,0,0,0,0,0,0,13,15,0,9003
"SSA",3,"COYOACAN","C.S.T-II SANTA ÚRSULA COAPA","CONSULTA EXTERNA",0,0,0,0,0,0,0,0,0,0,0,0,9,14,4,9003
"SSA",3,"COYOACAN","C.S.T-II NAYARITAS","CONSULTA EXTERNA",0,0,0,0,0,0,0,0,0,0,0,0,8,11,4,9003
"SSA",3,"COYOACAN","C.S.T-III DR. GUSTAVO A. ROVIROSA PÉREZ","CONSULTA EXTERNA",0,0,0,0,1,0,0,0,0,0,0,0,13,27,6,9003
"SSA",3,"COYOACAN","C.S.T-III DRA. MARGARITA CHORNE Y SALAZAR","CONSULTA EXTERNA",0,0,0,0,1,0,0,0,0,0,0,0,20,23,0,9003
"SSA",3,"COYOACAN","C.S.T-III SAN FRANCISCO CULHUACÁN","CONSULTA EXTERNA",0,0,0,0,1,0,0,0,0,0,0,0,18,15,0,9003
"SSA",3,"COYOACAN","C.S.T-III CARMEN SERDÁN","CONSULTA EXTERNA",0,0,0,0,1,0,0,0,0,0,0,0,12,26,6,9003
"SSA",4,"CUAJIMALPA DE MORELOS","C.S.T-I ROSA TORRES","CONSULTA EXTERNA",0,0,0,0,0,0,0,0,0,0,0,0,1,1,0,9004
"SSA",4,"CUAJIMALPA DE MORELOS","C.S.T-I MEMETLA","CONSULTA EXTERNA",0,0,0,0,0,0,0,0,0,0,0,0,2,1,0,9004
"SSA",4,"CUAJIMALPA DE MORELOS","C.S.T-I PALO ALTO","CONSULTA EXTERNA",0,0,0,0,0,0,0,0,0,0,0,0,2,1,0,9004
"SSA",4,"CUAJIMALPA DE MORELOS","C.S.T-I CHIMALPA","CONSULTA EXTERNA",0,0,0,0,0,0,0,0,0,0,0,0,2,0,0,9004
"SSA",4,"CUAJIMALPA DE MORELOS","C.S.T-I ACOPILCO","CONSULTA EXTERNA",0,0,0,0,1,0,0,0,0,0,0,0,3,2,0,9004
"SSA",4,"CUAJIMALPA DE MORELOS","C.S.T-I SAN MATEO","CONSULTA EXTERNA",0,0,0,0,0,0,0,0,0,0,0,0,1,3,0,9004
"SSA",4,"CUAJIMALPA DE MORELOS","C.S.T-I EL CHAMIZAL","CONSULTA EXTERNA",0,0,0,0,0,0,0,0,0,0,0,0,2,1,0,9004
"SSA",4,"CUAJIMALPA DE MORELOS","C.S.T-I JARDINES DE LA PALMA","CONSULTA EXTERNA",0,0,0,0,0,0,0,0,0,0,0,0,1,1,0,9004
"SSA",4,"CUAJIMALPA DE MORELOS","C.S.T-III LA NAVIDAD","CONSULTA EXTERNA",0,0,0,0,1,0,0,0,0,0,0,0,16,10,0,9004
"SSA",4,"CUAJIMALPA DE MORELOS","C.S.T-III CUAJIMALPA","CONSULTA EXTERNA",0,0,0,0,1,0,0,0,0,0,0,0,14,17,0,9004
"SSA",5,"GUSTAVO A. MADERO","HOSPITAL PEDIÁTRICO SAN JUAN DE ARAGÓN","HOSPITALIZACIÓN",0,0,1,1,1,1,53,18,0,0,0,0,75,136,0,9005
"SSA",5,"GUSTAVO A. MADERO","HOSPITAL PEDIÁTRICO VILLA","HOSPITALIZACIÓN",0,0,1,1,1,1,60,10,0,8,0,0,65,110,0,9005
"SSA",5,"GUSTAVO A. MADERO","HOSPITAL MATERNO INFANTIL CUAUTEPEC","HOSPITALIZACIÓN",0,0,1,1,1,1,49,21,0,0,0,0,66,83,0,9005
"SSA",5,"GUSTAVO A. MADERO","HOSPITAL GENERAL TICOMÁN","HOSPITALIZACIÓN",1,0,1,1,1,1,65,27,0,10,3,0,158,225,0,9005
"SSA",5,"GUSTAVO A. MADERO","UNIDAD MÉDICA DEL RECLUSORIO PREVENTIVO VARONIL NORTE","HOSPITALIZACIÓN",0,0,1,0,0,1,18,1,0,1,0,0,20,24,0,9005
"SSA",5,"GUSTAVO A. MADERO","HOSPITAL GENERAL VILLA","HOSPITALIZACIÓN",1,1,1,1,1,1,146,43,0,10,12,0,183,246,0,9005
"SSA",5,"GUSTAVO A. MADERO","CONSULTORIO MÉDICO LEGAL DE LA COORDINACIÓN TERRITORIAL GAM 7,8","CONSULTA EXTERNA",0,0,0,0,0,0,0,0,0,0,0,0,4,0,0,9005
"SSA",5,"GUSTAVO A. MADERO","CONSULTORIO MÉDICO LEGAL DE LA COORDINACIÓN TERRITORIAL GAM- 2,4","CONSULTA EXTERNA",0,0,0,0,0,0,0,0,0,0,0,0,7,0,0,9005
"SSA",5,"GUSTAVO A. MADERO","C.S.T-I SAN JUAN DE ARAGÓN 6TA. SECCIÓN","CONSULTA EXTERNA",0,0,0,0,0,0,0,0,0,0,0,0,4,2,1,9005
"SSA",5,"GUSTAVO A. MADERO","C.S.T-I ARBOLEDAS DE CUAUTEPEC","CONSULTA EXTERNA",0,0,0,0,0,0,0,0,0,0,0,0,3,1,0,9005
"SSA",5,"GUSTAVO A. MADERO","C.S.T-I CABO BUENA ESPERANZA","CONSULTA EXTERNA",0,0,0,0,0,0,0,0,0,0,0,0,2,1,0,9005
"SSA",5,"GUSTAVO A. MADERO","C.S.T-I GERTRUDIS SÁNCHEZ","CONSULTA EXTERNA",0,0,0,0,0,0,0,0,0,0,0,0,1,1,1,9005
"SSA",5,"GUSTAVO A. MADERO","C.S.T-I SAN JUAN DE ARAGÓN 1A. SECCIÓN","CONSULTA EXTERNA",0,0,0,0,0,0,0,0,0,0,0,0,2,2,0,9005
"SSA",5,"GUSTAVO A. MADERO","C.S.T-I LOMAS DE CUAUTEPEC","CONSULTA EXTERNA",0,0,0,0,0,0,0,0,0,0,0,0,1,1,0,9005
"SSA",5,"GUSTAVO A. MADERO","C.S.T-II NARCISO BASSOLS","CONSULTA EXTERNA",0,0,0,0,0,0,0,0,0,0,0,0,8,10,3,9005
"SSA",5,"GUSTAVO A. MADERO","C.S.T-I COCOYOTES","CONSULTA EXTERNA",0,0,0,0,0,0,0,0,0,0,0,0,2,1,0,9005
"SSA",5,"GUSTAVO A. MADERO","C.S.T-I FELIPE BERRIOZÁBAL","CONSULTA EXTERNA",0,0,0,0,0,0,0,0,0,0,0,0,2,1,0,9005
"SSA",5,"GUSTAVO A. MADERO","C.S.T-I MALACATES PONDEROSA","CONSULTA EXTERNA",0,0,0,0,0,0,0,0,0,0,0,0,2,1,0,9005
"SSA",5,"GUSTAVO A. MADERO","C.S.T-I NUEVA ATZACOALCO","CONSULTA EXTERNA",0,0,0,0,0,0,0,0,0,0,0,0,2,0,0,9005
"SSA",5,"GUSTAVO A. MADERO","C.S.T-I TLALPEXCO","CONSULTA EXTERNA",0,0,0,0,0,0,0,0,0,0,0,0,4,2,1,9005
"SSA",5,"GUSTAVO A. MADERO","C.S.T-I BARRÍO SAN JUAN TICOMÁN","CONSULTA EXTERNA",0,0,0,0,0,0,0,0,0,0,0,0,2,1,0,9005
"SSA",5,"GUSTAVO A. MADERO","C.S.T-I PROVIDENCIA","CONSULTA EXTERNA",0,0,0,0,0,0,0,0,0,0,0,0,2,2,0,9005
"SSA",5,"GUSTAVO A. MADERO","C.S.T-II LA MALINCHE","CONSULTA EXTERNA",0,0,0,0,0,0,0,0,0,0,0,0,11,15,0,9005
"SSA",5,"GUSTAVO A. MADERO","C.S.T-I AHUEHUETES","CONSULTA EXTERNA",0,0,0,0,0,0,0,0,0,0,0,0,2,1,0,9005
"SSA",5,"GUSTAVO A. MADERO","C.S.T-I CASTILLO GRANDE","CONSULTA EXTERNA",0,0,0,0,0,0,0,0,0,0,0,0,2,1,0,9005
"SSA",5,"GUSTAVO A. MADERO","C.S.T-I COMPOSITORES MEXICANOS","CONSULTA EXTERNA",0,0,0,0,0,0,0,0,0,0,0,0,2,1,0,9005
"SSA",5,"GUSTAVO A. MADERO","C.S.T-I DIANA LAURA RÍOJAS DE COLOSIO","CONSULTA EXTERNA",0,0,0,0,0,0,0,0,0,0,0,0,1,1,0,9005
"SSA",5,"GUSTAVO A. MADERO","C.S.T-II GERTRUDIS SÁNCHEZ","CONSULTA EXTERNA",0,0,0,0,0,0,0,0,0,0,0,0,9,11,1,9005
"SSA",5,"GUSTAVO A. MADERO","C.S.T-II PRADERA","CONSULTA EXTERNA",0,0,0,0,0,0,0,0,0,0,0,0,9,8,0,9005
"SSA",5,"GUSTAVO A. MADERO","C.S.T-II 25 DE JULIO","CONSULTA EXTERNA",0,0,0,0,0,0,0,0,0,0,0,0,11,12,0,9005
"SSA",5,"GUSTAVO A. MADERO","C.S.T-I LA PASTORA","CONSULTA EXTERNA",0,0,0,0,0,0,0,0,0,0,0,0,1,0,0,9005
"SSA",5,"GUSTAVO A. MADERO","C.S.T-II GABRIEL HERNÁNDEZ","CONSULTA EXTERNA",0,0,0,0,1,0,0,0,0,0,0,0,12,10,0,9005
"SSA",5,"GUSTAVO A. MADERO","C.S.T-III DR. GABRIEL GARZÓN COSSA","CONSULTA EXTERNA",0,0,0,0,1,0,0,0,0,0,0,0,18,29,4,9005
"SSA",5,"GUSTAVO A. MADERO","C.S.T-III DR. MANUEL CÁRDENAS DE LA VEGA","CONSULTA EXTERNA",0,0,0,0,1,0,0,0,0,0,0,0,34,34,4,9005
"SSA",5,"GUSTAVO A. MADERO","C.S.T-III DR. RAFAEL RAMÍREZ SUÁREZ","CONSULTA EXTERNA",0,0,0,0,1,0,0,0,0,0,0,0,35,34,8,9005
"SSA",5,"GUSTAVO A. MADERO","C.S.T-III NUEVA ATZACOALCO","CONSULTA EXTERNA",0,0,0,0,1,0,0,0,0,0,0,0,18,24,0,9005
"SSA",5,"GUSTAVO A. MADERO","C.S.T-III PALMATITLA","CONSULTA EXTERNA",0,0,0,0,1,0,0,0,0,0,0,0,18,27,3,9005
"SSA",5,"GUSTAVO A. MADERO","C.S.T-II LA ESMERALDA","CONSULTA EXTERNA",0,0,0,0,1,0,0,0,0,0,0,0,7,19,5,9005
"SSA",5,"GUSTAVO A. MADERO","C.S.T-II VALLE MADERO","CONSULTA EXTERNA",0,0,0,0,0,0,0,0,0,0,0,0,12,24,4,9005
"SSA",6,"IZTACALCO","HOSPITAL PEDIÁTRICO IZTACALCO","HOSPITALIZACIÓN",0,0,1,1,1,1,57,13,0,0,0,0,71,113,0,9006
"SSA",6,"IZTACALCO","C.S.T-III DR. LUIS MAZZOTTI GALINDO","CONSULTA EXTERNA",0,0,0,0,1,0,0,0,0,0,0,0,14,27,6,9006
"SSA",6,"IZTACALCO","C.S.T-II RAMOS MILLÁN","CONSULTA EXTERNA",0,0,0,0,1,0,0,0,0,0,0,0,11,13,0,9006
"SSA",6,"IZTACALCO","C.S.T-III DR. MANUEL PESQUEIRA","CONSULTA EXTERNA",0,0,0,0,1,0,0,0,0,0,0,0,28,25,3,9006
"SSA",6,"IZTACALCO","C.S.T-III 2 DE OCTUBRE","CONSULTA EXTERNA",0,0,0,0,1,0,0,0,0,0,0,0,15,28,9,9006
"SSA",6,"IZTACALCO","C.S.T-III DR. JOSÉ ZOZAYA","CONSULTA EXTERNA",0,0,0,0,1,0,0,0,0,0,0,0,24,26,4,9006
"SSA",7,"IZTAPALAPA","CLÍNICA DE DISPLACIAS SANTA MARTHA","CONSULTA EXTERNA",0,0,0,0,0,0,0,0,0,0,0,0,3,3,0,9007
"SSA",7,"IZTAPALAPA","HOSPITAL PEDIÁTRICO IZTAPALAPA","HOSPITALIZACIÓN",1,0,1,1,1,1,71,23,0,12,6,0,64,118,0,9007
"SSA",7,"IZTAPALAPA","UNIDAD MÉDICA DE LA PENITENCIARÍA DEL DISTRITO FEDERAL","HOSPITALIZACIÓN",0,0,1,0,0,1,18,4,7,2,0,0,15,25,0,9007
"SSA",7,"IZTAPALAPA","UNIDAD MÉDICA DEL RECLUSORIO PREVENTIVO VARONIL ORIENTE","HOSPITALIZACIÓN",0,0,1,0,0,1,18,4,0,2,0,0,29,27,0,9007
"SSA",7,"IZTAPALAPA","HOSPITAL GENERAL IZTAPALAPA","HOSPITALIZACIÓN",1,0,1,1,1,1,136,68,4,26,10,0,212,287,0,9007
"SSA",7,"IZTAPALAPA","CONSULTORIO MÉDICO LEGAL DE LA COORDINACIÓN TERRITORIAL IZP- 1,4","CONSULTA EXTERNA",0,0,0,0,0,0,0,0,0,0,0,0,6,0,0,9007
"SSA",7,"IZTAPALAPA","CONSULTORIO MÉDICO LEGAL DE LA COORDINACIÓN TERRITORIAL IZP- 5,8","CONSULTA EXTERNA",0,0,0,0,0,0,0,0,0,0,0,0,6,0,0,9007
"SSA",7,"IZTAPALAPA","CONSULTORIO MÉDICO LEGAL DE LA COORDINACIÓN TERRITORIAL IZP- 6","CONSULTA EXTERNA",0,0,0,0,0,0,0,0,0,0,0,0,5,0,0,9007
"SSA",7,"IZTAPALAPA","CONSULTORIO MÉDICO LEGAL DE LA COORDINACIÓN TERRITORIAL IZP- 3","CONSULTA EXTERNA",0,0,0,0,0,0,0,0,0,0,0,0,6,0,0,9007
"SSA",7,"IZTAPALAPA","CONSULTORIO MÉDICO LEGAL DE LA COORDINACIÓN TERRITORIAL IZP- 9,10","CONSULTA EXTERNA",0,0,0,0,0,0,0,0,0,0,0,0,8,0,0,9007
"SSA",7,"IZTAPALAPA","C.S.T-I MARGARITA MAZA DE JUÁREZ","CONSULTA EXTERNA",0,0,0,0,0,0,0,0,0,0,0,0,4,0,0,9007
"SSA",7,"IZTAPALAPA","C.S.T-I SAN JOSÉ ACULCO","CONSULTA EXTERNA",0,0,0,0,0,0,0,0,0,0,0,0,2,1,0,9007
"SSA",7,"IZTAPALAPA","C.S.T-I APATLACO","CONSULTA EXTERNA",0,0,0,0,0,0,0,0,0,0,0,0,3,1,0,9007
"SSA",7,"IZTAPALAPA","C.S.T-I FRANCISCO VILLA","CONSULTA EXTERNA",0,0,0,0,0,0,0,0,0,0,0,0,3,2,0,9007
"SSA",7,"IZTAPALAPA","C.S.T-I SAN ANDRÉS XICOTENCATL","CONSULTA EXTERNA",0,0,0,0,0,0,0,0,0,0,0,0,10,20,0,9007
"SSA",7,"IZTAPALAPA","C.S.T-I CAMPESTRE POTRERO","CONSULTA EXTERNA",0,0,0,0,0,0,0,0,0,0,0,0,3,5,0,9007
"SSA",7,"IZTAPALAPA","C.S.T-I RENOVACIÓN","CONSULTA EXTERNA",0,0,0,0,0,0,0,0,0,0,0,0,2,1,0,9007
"SSA",7,"IZTAPALAPA","C.S.T-I SANTA CRUZ MEYEHUALCO","CONSULTA EXTERNA",0,0,0,0,0,0,0,0,0,0,0,0,3,1,0,9007
"SSA",7,"IZTAPALAPA","C.S.T-I LAS PEÑAS","CONSULTA EXTERNA",0,0,0,0,0,0,0,0,0,0,0,0,1,1,0,9007
"SSA",7,"IZTAPALAPA","C.S.T-I XALPA","CONSULTA EXTERNA",0,0,0,0,0,0,0,0,0,0,0,0,1,0,0,9007
"SSA",7,"IZTAPALAPA","C.S.T-II EJIDO LOS REYES","CONSULTA EXTERNA",0,0,0,0,1,0,0,0,0,0,0,0,10,19,0,9007
"SSA",7,"IZTAPALAPA","C.S.T-III DR. GUILLERMO ROMAN Y CARRILLO","CONSULTA EXTERNA",0,0,0,0,1,0,0,0,0,0,0,0,37,32,6,9007
"SSA",7,"IZTAPALAPA","C.S.T-III DR. RAFAEL CARRILLO","CONSULTA EXTERNA",0,0,0,0,1,0,0,0,0,0,0,0,19,26,0,9007
"SSA",7,"IZTAPALAPA","C.S.T-III DR. FRANCISCO J. BALMIS","CONSULTA EXTERNA",0,0,0,0,1,0,0,0,0,0,0,0,14,21,3,9007
"SSA",7,"IZTAPALAPA","C.S.T-III CHINAMPAC DE JUÁREZ","CONSULTA EXTERNA",0,0,0,0,1,0,0,0,0,0,0,0,15,25,0,9007
"SSA",7,"IZTAPALAPA","C.S.T-III QUETZALCOATL","CONSULTA EXTERNA",0,0,0,0,1,0,0,0,0,0,0,0,15,21,0,9007
"SSA",7,"IZTAPALAPA","C.S.T-III SAN ANDRÉS TOMATLÁN","CONSULTA EXTERNA",0,0,0,0,1,0,0,0,0,0,0,0,10,18,0,9007
"SSA",7,"IZTAPALAPA","C.S.T-II SAN MIGUEL TEOTONGO","CONSULTA EXTERNA",0,0,0,0,1,0,0,0,0,0,0,0,12,19,0,9007
"SSA",7,"IZTAPALAPA","C.S. T-III SANTA MARÍA AZTAHUACÁN","CONSULTA EXTERNA",0,0,0,0,1,0,0,0,0,0,0,0,12,18,1,9007
"SSA",7,"IZTAPALAPA","C.S. T-III SANTIAGO ACAHUALTEPEC","CONSULTA EXTERNA",0,0,0,0,1,0,0,0,0,0,0,0,14,21,1,9007
"SSA",8,"LA MAGDALENA CONTRERAS","HOSPITAL MATERNO INFANTIL MAGDALENA CONTRERAS","HOSPITALIZACIÓN",0,0,1,1,1,1,26,12,2,0,0,0,71,66,0,9008
"SSA",8,"LA MAGDALENA CONTRERAS","CONSULTORIO MÉDICO LEGAL DE LA COORDINACIÓN TERRITORIAL MAC- 2","CONSULTA EXTERNA",0,0,0,0,0,0,0,0,0,0,0,0,7,0,0,9008
"SSA",8,"LA MAGDALENA CONTRERAS","C.S.T-I TIERRA COLORADA","CONSULTA EXTERNA",0,0,0,0,0,0,0,0,0,0,0,0,1,2,0,9008
"SSA",8,"LA MAGDALENA CONTRERAS","C.S.T-I HÉROES DE PADIERNA","CONSULTA EXTERNA",0,0,0,0,0,0,0,0,0,0,0,0,1,0,0,9008
"SSA",8,"LA MAGDALENA CONTRERAS","C.S.T-I AMPLIACIÓN LOMAS DE SAN BERNABÉ","CONSULTA EXTERNA",0,0,0,0,0,0,0,0,0,0,0,0,1,1,1,9008
"SSA",8,"LA MAGDALENA CONTRERAS","C.S.T-I EXHACIENDA DE ESLAVA","CONSULTA EXTERNA",0,0,0,0,0,0,0,0,0,0,0,0,1,1,0,9008
"SSA",8,"LA MAGDALENA CONTRERAS","C.S.T-I 1RO. DE MAYO","CONSULTA EXTERNA",0,0,0,0,0,0,0,0,0,0,0,0,1,1,0,9008
"SSA",8,"LA MAGDALENA CONTRERAS","C.S.T-I SAN NICOLÁS TOTOLAPAN","CONSULTA EXTERNA",0,0,0,0,0,0,0,0,0,0,0,0,3,1,0,9008
"SSA",8,"LA MAGDALENA CONTRERAS","C.S.T-II SAN BARTOLO AMEYALCO","CONSULTA EXTERNA",0,0,0,0,0,0,0,0,0,0,0,0,14,12,2,9008
"SSA",8,"LA MAGDALENA CONTRERAS","C.S.T-III DR. ÁNGEL DE LA GARZA BRITO","CONSULTA EXTERNA",0,0,0,0,1,0,0,0,0,0,0,0,12,25,1,9008
"SSA",9,"MILPA ALTA","HOSPITAL GENERAL MILPA ALTA","HOSPITALIZACIÓN",1,0,1,1,1,1,50,24,0,0,0,0,81,206,0,9009
"SSA",9,"MILPA ALTA","CONSULTORIO MÉDICO LEGAL DE LA COORDINACIÓN TERRITORIAL MLP- 1","CONSULTA EXTERNA",0,0,0,0,0,0,0,0,0,0,0,0,6,0,0,9009
"SSA",9,"MILPA ALTA","C.S.T-I SAN JUAN TEPENAHUAC","CONSULTA EXTERNA",0,0,0,0,0,0,0,0,0,0,0,0,2,1,0,9009
"SSA",9,"MILPA ALTA","C.S.T-I SAN JERÓNIMO MIACATLÁN","CONSULTA EXTERNA",0,0,0,0,0,0,0,0,0,0,0,0,3,2,0,9009
"SSA",9,"MILPA ALTA","C.S.T-I SAN BARTOLOMÉ XICOMULCO","CONSULTA EXTERNA",0,0,0,0,0,0,0,0,0,0,0,0,3,4,0,9009
"SSA",9,"MILPA ALTA","C.S.T-I SAN FRANCISCO TECOXPA","CONSULTA EXTERNA",0,0,0,0,0,0,0,0,0,0,0,0,2,2,0,9009
"SSA",9,"MILPA ALTA","C.S.T-I SAN LORENZO TLACOYUCAN","CONSULTA EXTERNA",0,0,0,0,0,0,0,0,0,0,0,0,4,2,0,9009
"SSA",9,"MILPA ALTA","C.S.T-III SAN PABLO OZTOTEPEC","CONSULTA EXTERNA",0,0,0,0,1,0,0,0,0,0,0,0,15,16,0,9009
"SSA",9,"MILPA ALTA","C.S.T-II DR. LUIS A. EROSA LEÓN","CONSULTA EXTERNA",0,0,0,0,0,0,0,0,0,0,0,0,9,11,0,9009
"SSA",9,"MILPA ALTA","C.S.T-II SANTA ANA TLACOTENCO","CONSULTA EXTERNA",0,0,0,0,0,0,0,0,0,0,0,0,8,10,0,9009
"SSA",9,"MILPA ALTA","C.S.T-II SAN SALVADOR CUAUHTENCO","CONSULTA EXTERNA",0,0,0,0,0,0,0,0,0,0,0,0,8,11,0,9009
"SSA",9,"MILPA ALTA","C.S.T-III DR GASTÓN MELO","CONSULTA EXTERNA",0,0,0,0,1,0,0,0,0,0,0,0,17,26,0,9009
"SSA",9,"MILPA ALTA","C.S.T-I VILLA MILPA ALTA","CONSULTA EXTERNA",0,0,0,0,0,0,0,0,0,0,0,0,3,5,0,9009
"SSA",10,"ALVARO OBREGON","CONSULTORIO MÉDICO LEGAL DE LA COORDINACIÓN TERRITORIAL AOB- 3,4","CONSULTA EXTERNA",0,0,0,0,0,0,0,0,0,0,0,0,6,0,0,9010
"SSA",10,"ALVARO OBREGON","CONSULTORIO MÉDICO LEGAL DE LA COORDINACIÓN TERRITORIAL AOB- 1","CONSULTA EXTERNA",0,0,0,0,0,0,0,0,0,0,0,0,9,0,0,9010
"SSA",10,"ALVARO OBREGON","C.S.T-I TETELPAN","CONSULTA EXTERNA",0,0,0,0,0,0,0,0,0,0,0,0,2,1,0,9010
"SSA",10,"ALVARO OBREGON","C.S.T-I CORPUS CHRISTY","CONSULTA EXTERNA",0,0,0,0,0,0,0,0,0,0,0,0,1,1,0,9010
"SSA",10,"ALVARO OBREGON","C.S.T-II LA CASCADA","CONSULTA EXTERNA",0,0,0,0,0,0,0,0,0,0,0,0,5,2,0,9010
"SSA",10,"ALVARO OBREGON","C.S.T-I HERÓN PROAL","CONSULTA EXTERNA",0,0,0,0,0,0,0,0,0,0,0,0,1,2,0,9010
"SSA",10,"ALVARO OBREGON","C.S.T-I AVE REAL","CONSULTA EXTERNA",0,0,0,0,0,0,0,0,0,0,0,0,2,1,0,9010
"SSA",10,"ALVARO OBREGON","C.S.T-I TARANGO","CONSULTA EXTERNA",0,0,0,0,0,0,0,0,0,0,0,0,1,1,0,9010
"SSA",10,"ALVARO OBREGON","C.S.T-I PUENTE COLORADO","CONSULTA EXTERNA",0,0,0,0,0,0,0,0,0,0,0,0,1,1,0,9010
"SSA",10,"ALVARO OBREGON","C.S.T-III DR. IGNACIO MORONES PRIETO","CONSULTA EXTERNA",0,0,0,0,1,0,0,0,0,0,0,0,11,19,3,9010
"SSA",10,"ALVARO OBREGON","C.S.T-III AMPLIACIÓN PRESIDENTES","CONSULTA EXTERNA",0,0,0,0,0,0,0,0,0,0,0,0,10,11,2,9010
"SSA",10,"ALVARO OBREGON","C.S.T-III DR. EDUARDO JENNER","CONSULTA EXTERNA",0,0,0,0,1,0,0,0,0,0,0,0,10,13,4,9010
"SSA",10,"ALVARO OBREGON","C.S.T-III MINAS DE CRISTO","CONSULTA EXTERNA",0,0,0,0,0,0,0,0,0,0,0,0,8,18,3,9010
"SSA",10,"ALVARO OBREGON","C.S.T-III DR. MANUEL ESCONTRIA","CONSULTA EXTERNA",0,0,0,0,1,0,0,0,0,0,0,0,17,17,5,9010
"SSA",10,"ALVARO OBREGON","C.S.T-III DR. MANUEL MÁRQUEZ ESCOBEDO","CONSULTA EXTERNA",0,0,0,0,1,0,0,0,0,0,0,0,14,18,6,9010
"SSA",11,"TLÁHUAC","HOSPITAL MATERNO INFANTIL TLÁHUAC","HOSPITALIZACIÓN",0,0,1,1,1,1,32,17,1,7,0,0,73,154,0,9011
"SSA",11,"TLÁHUAC","CONSULTORIO MÉDICO LEGAL DE LA COORDINACIÓN TERRITORIAL THL- 2","CONSULTA EXTERNA",0,0,0,0,0,0,0,0,0,0,0,0,7,0,0,9011
"SSA",11,"TLÁHUAC","C.S.T-II 13 DE SEPTIEMBRE","CONSULTA EXTERNA",0,0,0,0,0,0,0,0,0,0,0,0,6,8,3,9011
"SSA",11,"TLÁHUAC","CENTRO DE SALUD T-I QUIAHUATLA","CONSULTA EXTERNA",0,0,0,0,0,0,0,0,0,0,0,0,2,2,0,9011
"SSA",11,"TLÁHUAC","CENTRO DE SALUD T-I SOLIDARIDAD TETELCO","CONSULTA EXTERNA",0,0,0,0,0,0,0,0,0,0,0,0,6,4,0,9011
"SSA",11,"TLÁHUAC","C.S.T-I ZAPOTITLAN","CONSULTA EXTERNA",0,0,0,0,0,0,0,0,0,0,0,0,7,8,2,9011
"SSA",11,"TLÁHUAC","C.S.T-II SANTA CATARINA YECAHUIZOTL","CONSULTA EXTERNA",0,0,0,0,0,0,0,0,0,0,0,0,11,5,4,9011
"SSA",11,"TLÁHUAC","C.S.T-II AMPLIACIÓN SELENE","CONSULTA EXTERNA",0,0,0,0,0,0,0,0,0,0,0,0,3,7,3,9011
"SSA",11,"TLÁHUAC","C.S.T-I DEL MAR","CONSULTA EXTERNA",0,0,0,0,0,0,0,0,0,0,0,0,8,9,0,9011
"SSA",11,"TLÁHUAC","CLÍNICA COMUNITARIA MIXQUIC","CONSULTA EXTERNA",0,0,0,0,1,0,0,6,0,0,0,0,11,10,1,9011
"SSA",11,"TLÁHUAC","C.S.T-III SAN FRANCISCO TLALTENCO","CONSULTA EXTERNA",0,0,0,0,1,0,0,0,0,0,0,0,12,14,3,9011
"SSA",11,"TLÁHUAC","C.S.T-II SAN JOSÉ","CONSULTA EXTERNA",0,0,0,0,0,0,0,0,0,0,0,0,7,10,4,9011
"SSA",11,"TLÁHUAC","C.S.T-II SAN JUAN IXTAYOPAN","CONSULTA EXTERNA",0,0,0,0,1,0,0,0,0,0,0,0,9,11,0,9011
"SSA",11,"TLÁHUAC","C.S.T-III MIGUEL HIDALGO","CONSULTA EXTERNA",0,0,0,0,1,0,0,0,0,0,0,0,13,17,6,9011
"SSA",11,"TLÁHUAC","C.S.T-II ZAPOTITLA","CONSULTA EXTERNA",0,0,0,0,1,0,0,0,0,0,0,0,7,8,2,9011
"SSA",12,"TLALPAN","HOSPITAL MATERNO INFANTIL TOPILEJO","HOSPITALIZACIÓN",0,0,1,1,1,1,37,20,2,7,0,0,59,103,0,9012
"SSA",12,"TLALPAN","HOSPITAL GENERAL TORRE MÉDICA TEPEPAN","HOSPITALIZACIÓN",1,0,1,1,1,1,37,14,7,4,4,0,51,55,0,9012
"SSA",12,"TLALPAN","CONSULTORIO MÉDICO LEGAL DE LA COORDINACIÓN TERRITORIAL TLP- 1","CONSULTA EXTERNA",0,0,0,0,0,0,0,0,0,0,0,0,4,0,0,9012
"SSA",12,"TLALPAN","CONSULTORIO MÉDICO LEGAL DE LA COORDINACIÓN TERRITORIAL TLP- 2,3","CONSULTA EXTERNA",0,0,0,0,0,0,0,0,0,0,0,0,6,0,0,9012
"SSA",12,"TLALPAN","C.S.T-II HORTENCIA","CONSULTA EXTERNA",0,0,0,0,0,0,0,0,0,0,0,0,7,3,2,9012
"SSA",12,"TLALPAN","C.S.T-I MAGDALENA PETLACALCO","CONSULTA EXTERNA",0,0,0,0,0,0,0,0,0,0,0,0,1,1,0,9012
"SSA",12,"TLALPAN","C.S.T-I PARRES","CONSULTA EXTERNA",0,0,0,0,0,0,0,0,0,0,0,0,4,1,0,9012
"SSA",12,"TLALPAN","C.S.T-I DIF","CONSULTA EXTERNA",0,0,0,0,0,0,0,0,0,0,0,0,2,2,0,9012
"SSA",12,"TLALPAN","C.S.T-I TIERRA Y LIBERTAD","CONSULTA EXTERNA",0,0,0,0,0,0,0,0,0,0,0,0,3,1,0,9012
"SSA",12,"TLALPAN","C.S.T-I XITLE","CONSULTA EXTERNA",0,0,0,0,0,0,0,0,0,0,0,0,2,1,0,9012
"SSA",12,"TLALPAN","C.S.T-I PEDREGAL DE SAN NICOLÁS NORTE","CONSULTA EXTERNA",0,0,0,0,0,0,0,0,0,0,0,0,1,1,0,9012
"SSA",12,"TLALPAN","CENTRO DE SALUD T-I PEDREGAL DE SAN NICOLÁS SUR","CONSULTA EXTERNA",0,0,0,0,0,0,0,0,0,0,0,0,1,1,0,9012
"SSA",12,"TLALPAN","C.S.T-I SAN MIGUEL XICALCO","CONSULTA EXTERNA",0,0,0,0,0,0,0,0,0,0,0,0,1,1,0,9012
"SSA",12,"TLALPAN","C.S.T-I EJIDOS DE HUIPULCO","CONSULTA EXTERNA",0,0,0,0,0,0,0,0,0,0,0,0,6,3,0,9012
"SSA",12,"TLALPAN","C.S.T-I BEKAL","CONSULTA EXTERNA",0,0,0,0,0,0,0,0,0,0,0,0,1,1,0,9012
"SSA",12,"TLALPAN","C.S.T-I BOSQUES DEL PEDREGAL","CONSULTA EXTERNA",0,0,0,0,0,0,0,0,0,0,0,0,1,1,0,9012
"SSA",12,"TLALPAN","CENTRO DE SALUD T-I LOMAS DE PADIERNA","CONSULTA EXTERNA",0,0,0,0,0,0,0,0,0,0,0,0,5,1,0,9012
"SSA",12,"TLALPAN","C.S.T-II SAN ANDRÉS TOTOLTEPEC","CONSULTA EXTERNA",0,0,0,0,0,0,0,0,0,0,0,0,15,10,4,9012
"SSA",12,"TLALPAN","C.S.T-III DR. DAVID FRAGOSO LIZALDE","CONSULTA EXTERNA",0,0,0,0,1,0,0,0,0,0,0,0,11,10,13,9012
"SSA",12,"TLALPAN","C.S.T-III AMPLIACIÓN HIDALGO","CONSULTA EXTERNA",0,0,0,0,0,0,0,0,0,0,0,0,17,18,6,9012
"SSA",12,"TLALPAN","C.S.T-III DR. GERARDO VARELA MARISCAL","CONSULTA EXTERNA",0,0,0,0,1,0,0,0,0,0,0,0,13,16,2,9012
"SSA",12,"TLALPAN","C.S.T-II TOPILEJO","CONSULTA EXTERNA",0,0,0,0,0,0,0,0,0,0,0,0,8,11,2,9012
"SSA",12,"TLALPAN","C.S.T-III CULTURA MAYA","CONSULTA EXTERNA",0,0,0,0,1,0,0,0,0,0,0,0,14,16,1,9012
"SSA",12,"TLALPAN","C.S.T-III DR. JOSÉ CASTRO VILLAGRANA","CONSULTA EXTERNA",0,0,0,0,1,0,0,0,0,0,0,0,18,20,10,9012
"SSA",12,"TLALPAN","C.S.T-III PEDREGAL DE LAS ÁGUILAS","CONSULTA EXTERNA",0,0,0,0,1,0,0,0,0,0,0,0,19,18,4,9012
"SSA",13,"XOCHIMILCO","CLÍNICA HOSPITAL DE ESPECIALIDADES TOXICOLÓGICAS XOCHIMILCO","HOSPITALIZACIÓN",0,0,1,0,0,0,8,0,0,0,0,0,20,29,0,9013
"SSA",13,"XOCHIMILCO","UNIDAD MÉDICA DEL CENTRO VARONIL DE REHABILITACIÓN PSICOSOCIAL","CONSULTA EXTERNA",0,0,0,0,0,0,0,3,0,0,0,0,10,17,0,9013
"SSA",13,"XOCHIMILCO","HOSPITAL MATERNO PEDIÁTRICO XOCHIMILCO","HOSPITALIZACIÓN",1,1,1,1,1,1,63,38,0,10,3,2,99,198,0,9013
"SSA",13,"XOCHIMILCO","UNIDAD MÉDICA DEL RECLUSORIO PREVENTIVO VARONIL SUR","HOSPITALIZACIÓN",0,0,1,0,0,1,18,1,6,0,0,0,15,28,0,9013
"SSA",13,"XOCHIMILCO","CONSULTORIO MÉDICO LEGAL DE LA COORDINACIÓN TERRITORIAL XOC- 2","CONSULTA EXTERNA",0,0,0,0,0,0,0,0,0,0,0,0,3,0,0,9013
"SSA",13,"XOCHIMILCO","C.S.T-I SAN FRANCISCO TLANEPANTLA","CONSULTA EXTERNA",0,0,0,0,0,0,0,0,0,0,0,0,1,2,0,9013
"SSA",13,"XOCHIMILCO","C.S.T-I SANTA CECILIA TEPETLAPA","CONSULTA EXTERNA",0,0,0,0,0,0,0,0,0,0,0,0,1,1,0,9013
"SSA",13,"XOCHIMILCO","C.S.T-I SAN ANDRÉS AHUAYUCAN","CONSULTA EXTERNA",0,0,0,0,0,0,0,0,0,0,0,0,1,1,0,9013
"SSA",13,"XOCHIMILCO","C.S.T-I SANTA CRUZ XOCHITEPEC","CONSULTA EXTERNA",0,0,0,0,0,0,0,0,0,0,0,0,2,1,0,9013
"SSA",13,"XOCHIMILCO","C.S.T-I SAN LUIS TLAXIALTEMANCO","CONSULTA EXTERNA",0,0,0,0,0,0,0,0,0,0,0,0,4,7,0,9013
"SSA",13,"XOCHIMILCO","C.S.T-II SANTA CRUZ ACALPIXCA","CONSULTA EXTERNA",0,0,0,0,0,0,0,0,0,0,0,0,9,19,0,9013
"SSA",13,"XOCHIMILCO","C.S.T-III SAN GREGORÍO ATLAPULCO","CONSULTA EXTERNA",0,0,0,0,1,0,0,0,0,0,0,0,6,26,6,9013
"SSA",13,"XOCHIMILCO","C.S.T-II SANTA MARÍA NATIVITAS","CONSULTA EXTERNA",0,0,0,0,0,0,0,0,0,0,0,0,8,15,3,9013
"SSA",13,"XOCHIMILCO","C.S.T-III XOCHIMILCO","CONSULTA EXTERNA",0,0,0,0,1,0,0,0,0,0,0,0,22,36,3,9013
"SSA",13,"XOCHIMILCO","C.S.T-III TULYEHUALCO","CONSULTA EXTERNA",0,0,0,0,1,0,0,0,0,0,0,0,15,28,2,9013
"SSA",13,"XOCHIMILCO","C.S. T-II SAN MATEO XALPA","CONSULTA EXTERNA",0,0,0,0,0,0,0,0,0,0,0,0,10,26,1,9013
"SSA",14,"BENITO JUAREZ","HOSPITAL GENERAL XOCO","HOSPITALIZACIÓN",1,0,1,1,1,1,198,32,0,0,8,0,290,322,13,9014
"SSA",14,"BENITO JUAREZ","CONSULTORIO MÉDICO LEGAL DE LA COORDINACIÓN TERRITORIAL BJU- 3,4","CONSULTA EXTERNA",0,0,0,0,0,0,0,0,0,0,0,0,8,0,0,9014
"SSA",14,"BENITO JUAREZ","CONSULTORIO MÉDICO LEGAL DE LA COORDINACIÓN TERRITORIAL BJU- 1,2","CONSULTA EXTERNA",0,0,0,0,0,0,0,0,0,0,0,0,9,0,0,9014
"SSA",14,"BENITO JUAREZ","CONSULTORIO MÉDICO LEGAL DE LA COORDINACIÓN TERRITORIAL BJU- 5","CONSULTA EXTERNA",0,0,0,0,0,0,0,0,0,0,0,0,4,0,0,9014
"SSA",14,"BENITO JUAREZ","CONSULTORIO MÉDICO LEGAL DE LA COORDINACIÓN TERRITORIAL BJU-4 H3 EN EL HOSPITAL GENERAL DE XOCO","CONSULTA EXTERNA",0,0,0,0,0,0,0,0,0,0,0,0,5,0,0,9014
"SSA",14,"BENITO JUAREZ","C.S.T-I XOCO","CONSULTA EXTERNA",0,0,0,0,0,0,0,0,0,0,0,0,4,2,0,9014
"SSA",14,"BENITO JUAREZ","C.S.T-I VALENTÍN GÓMEZ FARIAS","CONSULTA EXTERNA",0,0,0,0,0,0,0,0,0,0,0,0,6,2,0,9014
"SSA",14,"BENITO JUAREZ","C.S.T-III MIXCOAC","CONSULTA EXTERNA",0,0,0,0,1,0,0,0,0,0,0,0,25,37,8,9014
"SSA",14,"BENITO JUAREZ","C.S.T-III PORTALES","CONSULTA EXTERNA",0,0,0,0,1,0,0,0,0,0,0,0,30,36,11,9014
"SSA",15,"CUAUHTEMOC","CLÍNICA DE ESPECIALIDADES NO. 4","CONSULTA EXTERNA",0,0,0,0,1,0,0,0,0,0,0,0,15,19,8,9015
"SSA",15,"CUAUHTEMOC","CLÍNICA DE ESPECIALIDADES NO. 3","CONSULTA EXTERNA",0,0,0,0,1,0,0,0,0,0,0,0,15,0,0,9015
"SSA",15,"CUAUHTEMOC","CLÍNICA DE ESPECIALIDADES NO. 6","CONSULTA EXTERNA",0,0,0,0,1,0,0,0,0,0,0,0,16,16,4,9015
"SSA",15,"CUAUHTEMOC","CLÍNICA ESPECIALIZADA CONDESA","CONSULTA EXTERNA",0,0,0,0,1,0,0,2,0,0,0,0,43,25,0,9015
"SSA",15,"CUAUHTEMOC","CLÍNICA DE ESPECIALIDADES NO. 2","CONSULTA EXTERNA",0,0,0,0,1,0,0,0,0,0,0,0,19,7,0,9015
"SSA",15,"CUAUHTEMOC","CLÍNICA DE ESPECIALIDADES NO. 5","CONSULTA EXTERNA",0,0,0,0,1,0,0,0,0,0,0,0,24,11,6,9015
"SSA",15,"CUAUHTEMOC","CENTRO DERMATOLÓGICO DR. LADISLAO DE LA PASCUA","CONSULTA EXTERNA",0,0,0,0,1,0,0,0,0,0,0,0,27,22,36,9015
"SSA",15,"CUAUHTEMOC","CONSULTORIO MÉDICO LEGAL DE LA COORDINACIÓN TERRITORIAL CUH- 2","CONSULTA EXTERNA",0,0,0,0,0,0,0,0,0,0,0,0,8,0,0,9015
"SSA",15,"CUAUHTEMOC","HOSPITAL PEDIÁTRICO PERALVILLO","HOSPITALIZACIÓN",0,1,1,1,1,1,61,19,4,2,0,2,71,132,0,9015
"SSA",15,"CUAUHTEMOC","HOSPITAL GENERAL DR. GREGORÍO SALAS FLORES","HOSPITALIZACIÓN",0,0,1,1,1,1,50,15,3,0,0,0,98,148,6,9015
"SSA",15,"CUAUHTEMOC","CONSULTORIO MÉDICO LEGAL DE LA COORDINACIÓN TERRITORIAL CUH- 7","CONSULTA EXTERNA",0,0,0,0,0,0,0,0,0,0,0,0,7,0,0,9015
"SSA",15,"CUAUHTEMOC","CONSULTORIO MÉDICO LEGAL DE LA COORDINACIÓN TERRITORIAL CUH- 8","CONSULTA EXTERNA",0,0,0,0,0,0,0,0,0,0,0,0,6,0,0,9015
"SSA",15,"CUAUHTEMOC","CONSULTORIO MÉDICO LEGAL DE LA COORDINACIÓN TERRITORIAL CUH- 1","CONSULTA EXTERNA",0,0,0,0,0,0,0,0,0,0,0,0,6,0,0,9015
"SSA",15,"CUAUHTEMOC","JEFATURA DE MEDICINA LEGAL ZONA CENTRO","CONSULTA EXTERNA",0,0,0,0,0,0,0,0,0,0,0,0,38,0,0,9015
"SSA",15,"CUAUHTEMOC","CONSULTORIO MÉDICO LEGAL DEL JUZGADO CÍVICO  33","CONSULTA EXTERNA",0,0,0,0,0,0,0,0,0,0,0,0,4,0,0,9015
"SSA",15,"CUAUHTEMOC","C.S.T-III SOLEDAD OROZCO DE ÁVILA CAMACHO","CONSULTA EXTERNA",0,0,0,0,1,0,0,0,0,0,0,0,13,9,0,9015
"SSA",15,"CUAUHTEMOC","C.S.T-III DR. ATANACIO GARZA RÍOS","CONSULTA EXTERNA",0,0,0,0,1,0,0,0,0,0,0,0,16,7,5,9015
"SSA",15,"CUAUHTEMOC","ESPACIO INTERACTIVO EN SALUD PARA JOVENES IMPULSO","CONSULTA EXTERNA",0,0,0,0,0,0,0,0,0,0,0,0,1,0,0,9015
"SSA",15,"CUAUHTEMOC","C.S.T-III DR. JOSÉ MA. RODRÍGUEZ","CONSULTA EXTERNA",0,0,0,0,1,0,0,0,0,0,0,0,20,18,9,9015
"SSA",15,"CUAUHTEMOC","C.S.T-III DR. DOMINGO ORVAÑANOS","CONSULTA EXTERNA",0,0,0,0,1,0,0,0,0,0,0,0,16,8,0,9015
"SSA",15,"CUAUHTEMOC","C.S.T-III DR. MANUEL DOMÍNGUEZ","CONSULTA EXTERNA",0,0,0,0,1,0,0,0,0,0,0,0,15,8,0,9015
"SSA",16,"MIGUEL HIDALGO","HOSPITAL PEDIÁTRICO TACUBAYA","HOSPITALIZACIÓN",1,1,1,1,1,1,76,45,0,10,5,4,86,151,0,9016
"SSA",16,"MIGUEL HIDALGO","HOSPITAL PEDIÁTRICO LEGARIA","HOSPITALIZACIÓN",1,1,1,1,1,1,62,16,0,2,6,0,89,174,17,9016
"SSA",16,"MIGUEL HIDALGO","HOSPITAL GENERAL DR. RUBÉN LEÑERO","HOSPITALIZACIÓN",1,0,1,1,1,1,118,55,0,15,6,0,209,420,64,9016
"SSA",16,"MIGUEL HIDALGO","CONSULTORIO MÉDICO LEGAL DE LA COORDINACIÓN TERRITORIAL MIH- 1","CONSULTA EXTERNA",0,0,0,0,0,0,0,0,0,0,0,0,10,0,0,9016
"SSA",16,"MIGUEL HIDALGO","CONSULTORIO MÉDICO LEGAL DE LA COORDINACIÓN TERRITORIAL MIH- 4,5","CONSULTA EXTERNA",0,0,0,0,0,0,0,0,0,0,0,0,5,0,0,9016
"SSA",16,"MIGUEL HIDALGO","CONSULTORIO MÉDICO LEGAL DE LA COORDINACIÓN TERRITORIAL MIH-1 H1 DEL HOSPITAL GENERAL DR. RUBEN LEÑERO","CONSULTA EXTERNA",0,0,0,0,0,0,0,0,0,0,0,0,8,0,0,9016
"SSA",16,"MIGUEL HIDALGO","CONSULTORIO MÉDICO LEGAL DE LA COORDINACIÓN TERRITORIAL MIH-3 H2 DEL HOSPITAL DE LA CRUZ ROJA","CONSULTA EXTERNA",0,0,0,0,0,0,0,0,0,0,0,0,7,0,0,9016
"SSA",16,"MIGUEL HIDALGO","UNIDAD MÉDICA DEL CENTRO DE SANCIONES ADMINISTRATIVAS E INTEGRACIÓN SOCIAL","CONSULTA EXTERNA",0,0,0,0,0,0,0,0,0,0,0,0,15,3,0,9016
"SSA",16,"MIGUEL HIDALGO","C.S.T-III MANUEL GONZÁLEZ RIVERA","CONSULTA EXTERNA",0,0,0,0,1,0,0,0,0,0,0,0,22,26,7,9016
"SSA",16,"MIGUEL HIDALGO","C.S.T-II DR. MANUEL GUTIÉRREZ ZAVALA","CONSULTA EXTERNA",0,0,0,0,0,0,0,0,0,0,0,0,9,18,5,9016
"SSA",16,"MIGUEL HIDALGO","C.S.T-III LAGO CARDIEL","CONSULTA EXTERNA",0,0,0,0,1,0,0,0,0,0,0,0,25,22,5,9016
"SSA",16,"MIGUEL HIDALGO","C.S.T-III MÉXICO-ESPAÑA","CONSULTA EXTERNA",0,0,0,0,1,0,0,0,0,0,0,0,41,26,14,9016
"SSA",16,"MIGUEL HIDALGO","C.S.T-III DR. ÁNGEL BRÍOSO VASCONCELOS","CONSULTA EXTERNA",0,0,0,0,1,0,0,0,0,0,0,0,31,36,10,9016
"SSA",17,"VENUSTIANO CARRANZA","CLÍNICA HOSPITAL DE ESPECIALIDADES TOXICOLÓGICAS VENUSTIANO CARRANZA","HOSPITALIZACIÓN",0,0,1,0,1,1,14,3,0,3,0,0,28,29,0,9017
"SSA",17,"VENUSTIANO CARRANZA","HOSPITAL MATERNO INFANTIL INGUARÁN","HOSPITALIZACIÓN",1,1,1,0,1,1,65,37,0,9,3,7,124,276,26,9017
"SSA",17,"VENUSTIANO CARRANZA","HOSPITAL PEDIÁTRICO MOCTEZUMA","HOSPITALIZACIÓN",1,0,1,1,1,1,62,24,0,14,5,0,105,192,0,9017
"SSA",17,"VENUSTIANO CARRANZA","HOSPITAL GENERAL BALBUENA","HOSPITALIZACIÓN",1,0,1,1,1,1,183,46,0,16,6,0,213,301,62,9017
"SSA",17,"VENUSTIANO CARRANZA","CONSULTORIO MÉDICO LEGAL DE LA COORDINACIÓN TERRITORIAL VCA- 3","CONSULTA EXTERNA",0,0,0,0,0,0,0,0,0,0,0,0,9,0,0,9017
"SSA",17,"VENUSTIANO CARRANZA","CONSULTORIO MÉDICO LEGAL DE LA COORDINACIÓN TERRITORIAL VCA- 2","CONSULTA EXTERNA",0,0,0,0,0,0,0,0,0,0,0,0,8,0,0,9017
"SSA",17,"VENUSTIANO CARRANZA","CONSULTORIO MÉDICO LEGAL DE LA COORDINACIÓN TERRITORIAL VCA- 4, 5","CONSULTA EXTERNA",0,0,0,0,0,0,0,0,0,0,0,0,8,0,0,9017
"SSA",17,"VENUSTIANO CARRANZA","CONSULTORIO MÉDICO LEGAL DE LA COORDINACIÓN TERRITORIAL VCA- 1","CONSULTA EXTERNA",0,0,0,0,0,0,0,0,0,0,0,0,5,0,0,9017
"SSA",17,"VENUSTIANO CARRANZA","C.S.T-I AMPLIACIÓN CARACOL","CONSULTA EXTERNA",0,0,0,0,0,0,0,0,0,0,0,0,1,1,0,9017
"SSA",17,"VENUSTIANO CARRANZA","C.S.T-I CUATRO ARBOLES","CONSULTA EXTERNA",0,0,0,0,0,0,0,0,0,0,0,0,1,1,0,9017
"SSA",17,"VENUSTIANO CARRANZA","C.S.T-I RENOVACIÓN","CONSULTA EXTERNA",0,0,0,0,0,0,0,0,0,0,0,0,1,1,0,9017
"SSA",17,"VENUSTIANO CARRANZA","C.S.T-I REVOLUCIÓN","CONSULTA EXTERNA",0,0,0,0,0,0,0,0,0,0,0,0,2,0,0,9017
"SSA",17,"VENUSTIANO CARRANZA","C.S.T-I POLVORÍN","CONSULTA EXTERNA",0,0,0,0,0,0,0,0,0,0,0,0,0,1,0,9017
"SSA",17,"VENUSTIANO CARRANZA","C.S.T-II IXNAHUALTONGO","CONSULTA EXTERNA",0,0,0,0,0,0,0,0,0,0,0,0,9,14,2,9017
"SSA",17,"VENUSTIANO CARRANZA","CENTRO DE SALUD T-III ROMERO RUBIO","CONSULTA EXTERNA",0,0,0,0,1,0,0,0,0,0,0,0,7,7,2,9017
"SSA",17,"VENUSTIANO CARRANZA","C.S.T-II ARENAL 4TA. SECCIÓN","CONSULTA EXTERNA",0,0,0,0,1,0,0,0,0,0,0,0,13,19,2,9017
"SSA",17,"VENUSTIANO CARRANZA","C.S.T-II PEÑON DE LOS BAÑOS","CONSULTA EXTERNA",0,0,0,0,0,0,0,0,0,0,0,0,16,31,6,9017
"SSA",17,"VENUSTIANO CARRANZA","C.S.T-II CUCHILLA PANTITLÁN","CONSULTA EXTERNA",0,0,0,0,0,0,0,0,0,0,0,0,8,18,4,9017
"SSA",17,"VENUSTIANO CARRANZA","C.S.T-II JOSÉ MARÍA MORELOS Y PAVÓN","CONSULTA EXTERNA",0,0,0,0,0,0,0,0,0,0,0,0,9,19,5,9017
"SSA",17,"VENUSTIANO CARRANZA","C.S.T-III DR. JUAN DUQUE DE ESTRADA","CONSULTA EXTERNA",0,0,0,0,1,0,0,0,0,0,0,0,22,32,11,9017
"SSA",17,"VENUSTIANO CARRANZA","C.S.T-III DR. LUIS E. RUÍZ","CONSULTA EXTERNA",0,0,0,0,1,0,0,0,0,0,0,0,16,37,11,9017
"SSA",17,"VENUSTIANO CARRANZA","C.S.T-III BEATRIZ VELASCO DE ALEMÁN.","CONSULTA EXTERNA",0,0,0,0,1,0,0,0,0,0,0,0,25,35,2,9017
"SSA",5,"GUSTAVO A. MADERO","HOSPITAL JUÁREZ DE MÉXICO","HOSPITALIZACIÓN",1,0,1,1,1,1,385,61,0,12,15,0,303,1008,572,9005
"SSA",12,"TLALPAN","INSTITUTO NACIONAL DE REHABILITACIÓN","HOSPITALIZACIÓN",1,0,1,1,1,1,195,84,0,50,7,0,358,498,335,9012
"SSA",12,"TLALPAN","HOSPITAL GENERAL DR. MANUEL GEA GONZÁLEZ","HOSPITALIZACIÓN",1,0,1,1,1,1,133,72,26,0,16,0,245,475,139,9012
"SSA",15,"CUAUHTEMOC","HOSPITAL GENERAL DE MÉXICO","HOSPITALIZACIÓN",1,1,1,1,1,1,836,296,0,46,64,35,831,1772,388,9015
"SSA",15,"CUAUHTEMOC","UNIDAD MÉDICO QUIRÚRGICA JUÁREZ CENTRO","CONSULTA EXTERNA",0,0,0,0,1,1,0,0,0,0,0,0,40,62,0,9015
"SSA",15,"CUAUHTEMOC","HOSPITAL NACIONAL HOMEOPÁTICO","HOSPITALIZACIÓN",1,0,1,1,1,1,82,37,6,8,4,0,97,134,0,9015
"SSA",16,"MIGUEL HIDALGO","HOSPITAL DE LA MUJER","HOSPITALIZACIÓN",1,1,1,1,1,1,174,64,6,5,10,0,198,475,68,9016
"SSA",3,"COYOACAN","INSTITUTO NACIONAL DE PEDIATRÍA","HOSPITALIZACIÓN",1,0,1,1,1,1,259,95,8,16,17,0,231,801,187,9003
"SSA",12,"TLALPAN","INSTITUTO NACIONAL DE ENFERMEDADES RESPIRATORIAS ISMAEL COSÍO VILLEGAS","HOSPITALIZACIÓN",1,0,1,1,1,1,175,53,0,17,18,0,174,473,50,9012
"SSA",12,"TLALPAN","INSTITUTO NACIONAL DE CARDIOLOGÍA IGNACIO CHÁVEZ","HOSPITALIZACIÓN",1,1,1,1,1,1,191,50,0,0,14,14,127,690,113,9012
"SSA",12,"TLALPAN","INSTITUTO NACIONAL DE CANCEROLOGÍA","HOSPITALIZACIÓN",1,0,1,1,1,0,177,38,43,0,6,0,164,507,22,9012
"SSA",12,"TLALPAN","INSTITUTO NACIONAL DE CIENCIAS MÉDICAS Y NUTRICIÓN SALVADOR ZUBIRÁN","HOSPITALIZACIÓN",1,1,1,1,1,1,167,68,4,8,14,4,248,630,182,9012
"SSA",12,"TLALPAN","INSTITUTO NACIONAL DE NEUROLOGÍA Y NEUROCIRUGÍA MANUEL VELASCO SUÁREZ","HOSPITALIZACIÓN",1,0,1,1,1,1,126,36,0,12,9,0,94,353,54,9012
"SSA",12,"TLALPAN","INSTITUTO NACIONAL DE PSIQUIATRÍA RAMÓN DE LA FUENTE MUÑÍZ","HOSPITALIZACIÓN",0,0,1,0,1,1,50,3,0,0,0,0,45,65,38,9012
"SSA",15,"CUAUHTEMOC","HOSPITAL INFANTIL DE MÉXICO FEDERICO GÓMEZ","HOSPITALIZACIÓN",1,1,1,1,1,1,229,120,28,18,21,9,268,739,187,9015
"SSA",16,"MIGUEL HIDALGO","INSTITUTO NACIONAL DE PERINATOLOGÍA ISIDRO ESPINOSA DE LOS REYES","HOSPITALIZACIÓN",1,0,1,1,1,1,107,29,3,5,4,0,124,495,116,9016
"SSA",5,"GUSTAVO A. MADERO","CENTRO COMUNITARIO DE SALUD MENTAL ZACATENCO","CONSULTA EXTERNA",0,0,0,0,0,0,0,0,0,0,0,0,10,7,0,9005
"SSA",7,"IZTAPALAPA","CENTRO COMUNITARIO DE SALUD MENTAL IZTAPALAPA","CONSULTA EXTERNA",0,0,0,0,0,0,0,0,0,0,0,0,9,7,1,9007
"SSA",8,"LA MAGDALENA CONTRERAS","CTRO. INTEGRAL DE SALUD MENTAL","CONSULTA EXTERNA",0,0,0,0,1,0,0,0,0,0,0,0,0,0,0,9008
"SSA",11,"TLÁHUAC","HOSPITAL PSIQUIÁTRICO DR. SAMUEL RAMÍREZ MORENO","HOSPITALIZACIÓN",0,1,1,0,1,1,150,11,0,4,0,7,50,207,0,9011
"SSA",12,"TLALPAN","HOSPITAL PSIQUIÁTRICO DR. JUAN N. NAVARRO","HOSPITALIZACIÓN",0,0,1,0,1,1,99,2,4,0,0,0,49,152,31,9012
"SSA",12,"TLALPAN","HOSPITAL PSIQUIÁTRICO FRAY BERNARDINO ÁLVAREZ","HOSPITALIZACIÓN",0,0,1,0,1,1,299,30,1,0,0,18,138,286,112,9012
"SSA",15,"CUAUHTEMOC","CENTRO COMUNITARIO DE SALUD MENTAL CUAUHTÉMOC","CONSULTA EXTERNA",0,0,0,0,0,0,0,1,0,0,0,0,16,8,0,9015
"SSA",3,"COYOACAN","CONSULTORIO MÉDICO LEGAL DE LA COORDINACIÓN TERRITORIAL COY- 3","CONSULTA EXTERNA",0,0,0,0,0,0,0,0,0,0,0,0,7,0,0,9003
"SSA",7,"IZTAPALAPA","CENTRO DE SALUD T-III BUENAVISTA","CONSULTA EXTERNA",0,0,0,0,1,0,0,0,0,0,0,0,10,20,0,9007
"SSA",7,"IZTAPALAPA","CONSULTORIO MÉDICO LEGAL DE LA COORDINACIÓN TERRITORIAL IZP- 7","CONSULTA EXTERNA",0,0,0,0,0,0,0,0,0,0,0,0,9,0,0,9007
"SSA",7,"IZTAPALAPA","HOSPITAL DE ESPECIALIDADES DE LA CIUDAD DE MEXICO DR. BELISARÍO DOMÍNGUEZ","HOSPITALIZACIÓN",1,0,1,1,1,1,124,61,0,2,8,0,211,408,0,9007
"SSA",7,"IZTAPALAPA","CLÍNICA COMUNITARIA SANTA CATARINA","CONSULTA EXTERNA",0,0,0,0,1,0,0,9,0,0,0,0,22,44,0,9007
"SSA",5,"GUSTAVO A. MADERO","CONSULTORIO MÉDICO LEGAL DE LA COORDINACIÓN TERRITORIAL GAM-1","CONSULTA EXTERNA",0,0,0,0,0,0,0,0,0,0,0,0,8,0,0,9005
"SSA",5,"GUSTAVO A. MADERO","CONSULTORIO MÉDICO LEGAL DE LA COORDINACIÓN TERRITORIAL GAM- 5","CONSULTA EXTERNA",0,0,0,0,0,0,0,0,0,0,0,0,6,0,0,9005
"SSA",5,"GUSTAVO A. MADERO","CONSULTORIO MÉDICO LEGAL DE LA COORDINACION TERRITORIAL GAM-6","CONSULTA EXTERNA",0,0,0,0,0,0,0,0,0,0,0,0,10,0,0,9005
"SSA",2,"AZCAPOTZALCO","CONSULTORIO MÉDICO LEGAL DE LA COORDINACIÓN TERRITORIAL AZC- 1","CONSULTA EXTERNA",0,0,0,0,0,0,0,0,0,0,0,0,9,0,0,9002
"SSA",6,"IZTACALCO","CONSULTORIO MÉDICO LEGAL DE LA COORDINACIÓN TERRITORIAL IZC- 1","CONSULTA EXTERNA",0,0,0,0,0,0,0,0,0,0,0,0,4,0,0,9006
"SSA",6,"IZTACALCO","CONSULTORIO MÉDICO LEGAL DE LA COORDINACIÓN TERRITORIAL IZC- 2,3","CONSULTA EXTERNA",0,0,0,0,0,0,0,0,0,0,0,0,5,0,0,9006
"SSA",10,"ALVARO OBREGON","CONSULTORIO MÉDICO LEGAL DE LA COORDINACIÓN TERRITORIAL AOB- 2","CONSULTA EXTERNA",0,0,0,0,0,0,0,0,0,0,0,0,6,0,0,9010
"SSA",4,"CUAJIMALPA DE MORELOS","CONSULTORIO MÉDICO LEGAL DE LA COORDINACIÓN TERRITORIAL CUJ- 1,2","CONSULTA EXTERNA",0,0,0,0,0,0,0,0,0,0,0,0,5,0,0,9004
"SSA",12,"TLALPAN","CONSULTORIO MÉDICO LEGAL DE LA COORDINACION TERRITORIAL TLP-4","CONSULTA EXTERNA",0,0,0,0,0,0,0,0,0,0,0,0,10,0,0,9012
"SSA",7,"IZTAPALAPA","CONSULTORIO MÉDICO LEGAL DE LA COORDINACION TERRITORIAL IZP-2","CONSULTA EXTERNA",0,0,0,0,0,0,0,0,0,0,0,0,6,0,0,9007
"SSA",13,"XOCHIMILCO","CONSULTORIO MÉDICO LEGAL DE LA COORDINACION TERRITORIAL TLH-1","CONSULTA EXTERNA",0,0,0,0,0,0,0,0,0,0,0,0,8,0,0,9013
"SSA",16,"MIGUEL HIDALGO","CONSULTORIO MÉDICO LEGAL DE LA COORDINACION TERRITORIAL MIH-3","CONSULTA EXTERNA",0,0,0,0,0,0,0,0,0,0,0,0,5,0,0,9016
"SSA",15,"CUAUHTEMOC","CONSULTORIO MÉDICO LEGAL DE LA COORDINACION TERRITORIAL CUH-5","CONSULTA EXTERNA",0,0,0,0,0,0,0,0,0,0,0,0,10,0,0,9015
"SSA",6,"IZTACALCO","CLÍNICA DE GERIATRIA","CONSULTA EXTERNA",0,0,0,0,0,0,0,0,0,0,0,0,11,8,0,9006
"SSA",6,"IZTACALCO","UNIDAD MOVIL 2 IZTACALCO","CONSULTA EXTERNA",0,0,0,0,1,0,0,0,0,0,0,0,1,1,0,9006
"SSA",3,"COYOACAN","CENTRO DE SALUD T-III DR. SALVADOR ALLENDE CON CLÍNICA DE ESPECIALIDADES","CONSULTA EXTERNA",0,0,0,0,1,0,0,2,0,0,0,0,9,8,2,9003
"SSA",5,"GUSTAVO A. MADERO","UNIDAD MOVIL 2 GUSTAVO A. MADERO","CONSULTA EXTERNA",0,0,0,0,0,0,0,0,0,0,0,0,1,1,0,9005
"SSA",7,"IZTAPALAPA","CLÍNICA ESPECIALIZADA EN EL MANEJO DE LA DIABETES EN LA CIUDAD DE MÉXICO (UNEME-EC)","CONSULTA EXTERNA",0,0,0,0,1,0,0,0,0,0,0,0,5,4,0,9007
"SSA",15,"CUAUHTEMOC","CENTRO ESPECIALIZADO EN MEDICINA INTEGRATIVA","CONSULTA EXTERNA",0,0,0,0,0,0,0,0,0,0,0,0,9,1,4,9015
"SSA",13,"XOCHIMILCO","C.S. T-I AMPLIACIÓN TEPEPAN","CONSULTA EXTERNA",0,0,0,0,0,0,0,0,0,0,0,0,1,0,0,9013
"SSA",10,"ALVARO OBREGON","MEDIBUS 17 - 4HU7866","CONSULTA EXTERNA",0,0,0,0,0,0,0,0,0,0,0,0,0,0,0,9010
"SSA",10,"ALVARO OBREGON","MEDIBUS 18 - 4HU7073","CONSULTA EXTERNA",0,0,0,0,0,0,0,0,0,0,0,0,0,0,0,9010
"SSA",10,"ALVARO OBREGON","MEDIBUS 19 - 4HU7074","CONSULTA EXTERNA",0,0,0,0,0,0,0,0,0,0,0,0,0,0,0,9010
"SSA",10,"ALVARO OBREGON","MEDIBUS 20 - 4HU7870","CONSULTA EXTERNA",0,0,0,0,0,0,0,0,0,0,0,0,0,0,0,9010
"SSA",10,"ALVARO OBREGON","MEDIBUS 21 - 4HU7868","CONSULTA EXTERNA",0,0,0,0,0,0,0,0,0,0,0,0,0,0,0,9010
"SSA",10,"ALVARO OBREGON","MEDIBUS 22 - 4HU7869","CONSULTA EXTERNA",0,0,0,0,0,0,0,0,0,0,0,0,0,0,0,9010
"SSA",10,"ALVARO OBREGON","MEDIBUS 23 - 4HU7806","CONSULTA EXTERNA",0,0,0,0,0,0,0,0,0,0,0,0,0,0,0,9010
"SSA",10,"ALVARO OBREGON","UNIDAD 24 - 4HU7903","CONSULTA EXTERNA",0,0,0,0,0,0,0,0,0,0,0,0,0,0,0,9010
"SSA",10,"ALVARO OBREGON","MEDIBUS 25 - 4HU7904","CONSULTA EXTERNA",0,0,0,0,0,0,0,0,0,0,0,0,0,0,0,9010
"SSA",10,"ALVARO OBREGON","MEDIBUS 26 - 4HU7904","CONSULTA EXTERNA",0,0,0,0,0,0,0,0,0,0,0,0,0,0,0,9010
"SSA",7,"IZTAPALAPA","C.S.T-I HONORATO LEAL","CONSULTA EXTERNA",0,0,0,0,0,0,0,0,0,0,0,0,2,2,0,9007
"SSA",7,"IZTAPALAPA","C.S. T-II ERMITA ZARAGOZA","CONSULTA EXTERNA",0,0,0,0,0,0,0,0,0,0,0,0,8,9,0,9007
"SSA",10,"ALVARO OBREGON","CENTRO DE SALUD TII EL PIRU","CONSULTA EXTERNA",0,0,0,0,0,0,0,0,0,0,0,0,2,1,0,9010
"SSA",15,"CUAUHTEMOC","CENTRO DE SALUD T-I ZÓCALO","CONSULTA EXTERNA",0,0,0,0,0,0,0,0,0,0,0,0,3,2,0,9015
"SSA",7,"IZTAPALAPA","UNIDAD DE SALUD DE DETECCION OPORTUNA (CENTRAL DE ABASTOS I)","CONSULTA EXTERNA",0,0,0,0,1,0,0,0,0,0,0,0,1,0,0,9007
"SSA",7,"IZTAPALAPA","CLINICA ESPECIALIZADA CONDESA IZTAPALAPA","CONSULTA EXTERNA",0,0,0,0,1,0,0,1,0,0,0,0,17,8,0,9007
"SSA",10,"ALVARO OBREGON","HOSPITAL GENERAL DR. ENRIQUE CABRERA","HOSPITALIZACIÓN",1,1,1,1,1,1,120,59,6,0,12,12,217,295,0,9010
"SSA",8,"LA MAGDALENA CONTRERAS","C.S.T-III OASIS","CONSULTA EXTERNA",0,0,0,0,1,0,0,0,0,0,0,0,9,14,1,9008
"SSA",7,"IZTAPALAPA","UNIDAD MÓVIL (1)  DEL HOSPITAL DE ESPECIALIDADES DR. BELISARIO DOMÍNGUEZ","CONSULTA EXTERNA",0,0,0,0,1,0,0,0,0,0,0,0,2,2,0,9007
"SSA",7,"IZTAPALAPA","UNIDAD MÓVIL (2)  DEL HOSPITAL DE ESPECIALIDADES DR. BELISARIO DOMÍNGUEZ","CONSULTA EXTERNA",0,0,0,0,1,0,0,0,0,0,0,0,2,1,0,9007
"SSA",7,"IZTAPALAPA","UNIDAD MÓVIL DEL HOSPITAL GENERAL IZTAPALAPA","CONSULTA EXTERNA",0,0,0,0,1,0,0,0,0,0,0,0,2,2,0,9007
"SSA",5,"GUSTAVO A. MADERO","UNIDAD MÓVIL DEL HOSPITAL GENERAL TICOMÁN","CONSULTA EXTERNA",0,0,0,0,1,0,0,0,0,0,0,0,2,2,0,9005
"SSA",10,"ALVARO OBREGON","UNIDAD MÓVIL DEL HOSPITAL GENERAL ENRIQUE CABRERA","CONSULTA EXTERNA",0,0,0,0,1,0,0,0,0,0,0,0,2,2,0,9010
"SSA",11,"TLÁHUAC","UNIDAD MÓVIL DEL HOSPITAL GENERAL TLÁHUAC","CONSULTA EXTERNA",0,0,0,0,1,0,0,0,0,0,0,0,0,2,0,9011
"SSA",17,"VENUSTIANO CARRANZA","UNIDAD MÓVIL (1) DEL HOSPITAL GENERAL BALBUENA","CONSULTA EXTERNA",0,0,0,0,1,0,0,0,0,0,0,0,0,2,0,9017
"SSA",17,"VENUSTIANO CARRANZA","UNIDAD MÓVIL (2) DEL HOSPITAL GENERAL BALBUENA","CONSULTA EXTERNA",0,0,0,0,1,0,0,0,0,0,0,0,1,1,0,9017
"SSA",7,"IZTAPALAPA","CARAVANA DE SALUD 1 GUADALUPE DEL MORAL","CONSULTA EXTERNA",0,0,0,0,0,0,0,0,0,0,0,0,2,1,0,9007
"SSA",7,"IZTAPALAPA","CARAVANA DE SALUD 2 SAN MIGUEL TEOTONGO","CONSULTA EXTERNA",0,0,0,0,0,0,0,0,0,0,0,0,2,1,0,9007
"SSA",10,"ALVARO OBREGON","CARAVANA DE SALUD 3 SAN BARTOLO AMEYALCO","CONSULTA EXTERNA",0,0,0,0,0,0,0,0,0,0,0,0,2,1,0,9010
"SSA",5,"GUSTAVO A. MADERO","CARAVANA DE SALUD 4 SAN FELIPE DE JESÚS","CONSULTA EXTERNA",0,0,0,0,0,0,0,0,0,0,0,0,2,1,0,9005
"SSA",12,"TLALPAN","UNIDAD MÉDICA DE LA COMUNIDAD DE TRATAMIENTO ESPECIALIZADO PARA ADOLESCENTES","CONSULTA EXTERNA",0,0,0,0,0,0,0,6,0,0,0,0,9,6,0,9012
"SSA",14,"BENITO JUAREZ","UNIDAD MÉDICA DE LA COMUNIDAD DE DIAGNÓSTICO INTEGRAL PARA ADOLESCENTES","CONSULTA EXTERNA",0,0,0,0,0,0,0,4,0,0,0,0,15,8,0,9014
"SSA",12,"TLALPAN","UNIDAD MÉDICA DE LA COMUNIDAD DE DESARROLLO PARA ADOLESCENTES","CONSULTA EXTERNA",0,0,0,0,0,0,0,2,0,0,0,0,9,6,0,9012
"SSA",14,"BENITO JUAREZ","UNIDAD MÉDICA DE LA COMUNIDAD ESPECIALIZADA EN ADOLESCENTES DR. ALFONSO QUIROZ CUARÓN","CONSULTA EXTERNA",0,0,0,0,0,0,0,0,0,0,0,0,2,0,0,9014
"SSA",12,"TLALPAN","UNIDAD MÉDICA DE LA COMUNIDAD PARA MUJERES","CONSULTA EXTERNA",0,0,0,0,0,0,0,2,0,0,0,0,5,4,0,9012
"SSA",17,"VENUSTIANO CARRANZA","CLÍNICA DE SALUD REPRODUCTIVA","CONSULTA EXTERNA",0,0,0,0,0,0,0,0,0,0,0,0,2,2,0,9017
"SSA",7,"IZTAPALAPA","CARAVANA DE SALUD 5","CONSULTA EXTERNA",0,0,0,0,0,0,0,0,0,0,0,0,2,1,0,9007
"SSA",8,"LA MAGDALENA CONTRERAS","CARAVANA DE SALUD 6","CONSULTA EXTERNA",0,0,0,0,0,0,0,0,0,0,0,0,2,1,0,9008
"SSA",7,"IZTAPALAPA","CLÍNICA HOSPITAL EMILIANO ZAPATA","HOSPITALIZACIÓN",0,0,1,1,1,1,27,22,0,2,0,0,51,94,0,9007
"SSA",11,"TLÁHUAC","HOSPITAL GENERAL TLÁHUAC","HOSPITALIZACIÓN",1,0,1,1,1,1,120,57,8,6,10,0,148,330,31,9011
"SSA",12,"TLALPAN","HOSPITAL GENERAL AJUSCO MEDIO","HOSPITALIZACIÓN",1,0,1,1,1,1,61,53,0,8,6,0,157,271,0,9012
"SSA",5,"GUSTAVO A. MADERO","CONSULTORIO MÉDICO LEGAL DE LA COORDINACIÓN TERRITORIAL GAM- 3","CONSULTA EXTERNA",0,0,0,0,0,0,0,0,0,0,0,0,6,0,0,9005
"SSA",2,"AZCAPOTZALCO","CONSULTORIO MÉDICO LEGAL DEL CENTRO DE ARRAIGO","CONSULTA EXTERNA",0,0,0,0,0,0,0,0,0,0,0,0,7,0,0,9002
"SSA",10,"ALVARO OBREGON","JEFATURA DE MEDICINA LEGAL DE LA  ZONA PONIENTE","CONSULTA EXTERNA",0,0,0,0,0,0,0,0,0,0,0,0,8,0,0,9010
"SSA",8,"LA MAGDALENA CONTRERAS","CONSULTORIO MÉDICO LEGAL DE LA COORDINACIÓN TERRITORIAL MAC- 1","CONSULTA EXTERNA",0,0,0,0,0,0,0,0,0,0,0,0,6,0,0,9008
"SSA",7,"IZTAPALAPA","CONSULTORIO MÉDICO LEGAL DE LA COORDINACIÓN TERRITORIAL IZP- H4 HOSPITAL DE LA COMUNIDAD EUROPEA","CONSULTA EXTERNA",0,0,0,0,0,0,0,0,0,0,0,0,6,0,0,9007
"SSA",7,"IZTAPALAPA","JEFATURA DE MEDICINA LEGAL DE LA ZONA ORIENTE","CONSULTA EXTERNA",0,0,0,0,0,0,0,0,0,0,0,0,35,0,0,9007
"SSA",13,"XOCHIMILCO","CONSULTORIO MÉDICO LEGAL DE LA COORDINACIÓN TERRITORIAL XOC- 1","CONSULTA EXTERNA",0,0,0,0,0,0,0,0,0,0,0,0,4,0,0,9013
"SSA",9,"MILPA ALTA","CONSULTORIO MÉDICO LEGAL DE LA COORDINACIÓN TERRITORIAL MLP- 2","CONSULTA EXTERNA",0,0,0,0,0,0,0,0,0,0,0,0,5,0,0,9009
"SSA",16,"MIGUEL HIDALGO","CONSULTORIO MÉDICO LEGAL DE LA COORDINACIÓN TERRITORIAL MIH- 2","CONSULTA EXTERNA",0,0,0,0,0,0,0,0,0,0,0,0,7,0,0,9016
"SSA",14,"BENITO JUAREZ","CONSULTORIO MÉDICO LEGAL DE LA FISCALÍA DEL MENOR","CONSULTA EXTERNA",0,0,0,0,0,0,0,0,0,0,0,0,7,0,0,9014
"SSA",15,"CUAUHTEMOC","CONSULTORIO MÉDICO LEGAL DE LA COORDINACIÓN TERRITORIAL CUH- 3","CONSULTA EXTERNA",0,0,0,0,0,0,0,0,0,0,0,0,12,0,0,9015
"SSA",15,"CUAUHTEMOC","CONSULTORIO MÉDICO LEGAL DEL JUZGADO CÍVICO 50- B","CONSULTA EXTERNA",0,0,0,0,0,0,0,0,0,0,0,0,5,0,0,9015
"SSA",15,"CUAUHTEMOC","CONSULTORIO MÉDICO LEGAL DEL JUZGADO CÍVICO DEL METRO GUERRERO","CONSULTA EXTERNA",0,0,0,0,0,0,0,0,0,0,0,0,2,0,0,9015
"SSA",12,"TLALPAN","CARAVANA TOPILEJO","CONSULTA EXTERNA",0,0,0,0,0,0,0,0,0,0,0,0,1,1,0,9012
"SSA",7,"IZTAPALAPA","CARAVANA IZTAP - 4 DEGOLLADO","CONSULTA EXTERNA",0,0,0,0,0,0,0,0,0,0,0,0,1,1,0,9007
"SSA",4,"CUAJIMALPA DE MORELOS","CARAVANA XALPA","CONSULTA EXTERNA",0,0,0,0,0,0,0,0,0,0,0,0,1,1,0,9004
"SSA",11,"TLÁHUAC","CARAVANA ZAPOTITLA","CONSULTA EXTERNA",0,0,0,0,0,0,0,0,0,0,0,0,1,1,0,9011
"SSA",10,"ALVARO OBREGON","UNEME CAPA LOMAS LA ERA","CONSULTA EXTERNA",0,0,0,0,0,0,0,0,0,0,0,0,0,0,0,9010
"SSA",10,"ALVARO OBREGON","UNEME CAPA AMPLIACIÓN PRESIDENTES","CONSULTA EXTERNA",0,0,0,0,0,0,0,0,0,0,0,0,0,0,0,9010
"SSA",2,"AZCAPOTZALCO","UNEME CAPA TEZOZOMOC","CONSULTA EXTERNA",0,0,0,0,0,0,0,0,0,0,0,0,0,0,0,9002
"SSA",2,"AZCAPOTZALCO","UNEME CAPA SANTIAGO AHUIZOTLA","CONSULTA EXTERNA",0,0,0,0,0,0,0,0,0,0,0,0,0,0,0,9002
"SSA",14,"BENITO JUAREZ","UNEME CAPA PORTALES","CONSULTA EXTERNA",0,0,0,0,0,0,0,0,0,0,0,0,0,0,0,9014
"SSA",3,"COYOACAN","UNEME CAPA CARMEN SERDÁN","CONSULTA EXTERNA",0,0,0,0,0,0,0,0,0,0,0,0,0,0,0,9003
"SSA",3,"COYOACAN","UNEME CAPA DR. GUSTAVO A. ROVIROSA PÉREZ","CONSULTA EXTERNA",0,0,0,0,0,0,0,0,0,0,0,0,0,0,0,9003
"SSA",4,"CUAJIMALPA DE MORELOS","UNEME CAPA SAN MATEO","CONSULTA EXTERNA",0,0,0,0,0,0,0,0,0,0,0,0,0,0,0,9004
"SSA",15,"CUAUHTEMOC","UNEME CAPA DR. JOSÉ MA. RODRÍGUEZ","CONSULTA EXTERNA",0,0,0,0,0,0,0,0,0,0,0,0,0,0,0,9015
"SSA",15,"CUAUHTEMOC","UNEME CAPA CLÍNICA DE ESPECIALIDADES NO. 5","CONSULTA EXTERNA",0,0,0,0,0,0,0,0,0,0,0,0,0,0,0,9015
"SSA",5,"GUSTAVO A. MADERO","UNEME CAPA VALLE DE MADERO","CONSULTA EXTERNA",0,0,0,0,0,0,0,0,0,0,0,0,0,0,0,9005
"SSA",5,"GUSTAVO A. MADERO","UNEME CAPA LA MALINCHE","CONSULTA EXTERNA",0,0,0,0,0,0,0,0,0,0,0,0,0,0,0,9005
"SSA",5,"GUSTAVO A. MADERO","UNEME CAPA FELIPE BERRIOZÁBAL","CONSULTA EXTERNA",0,0,0,0,0,0,0,0,0,0,0,0,2,0,0,9005
"SSA",5,"GUSTAVO A. MADERO","UNEME CAPA TLALPEXCO","CONSULTA EXTERNA",0,0,0,0,0,0,0,0,0,0,0,0,1,0,0,9005
"SSA",6,"IZTACALCO","UNEME CAPA PREDIO LA FORTALEZA","CONSULTA EXTERNA",0,0,0,0,0,0,0,0,0,0,0,0,0,0,0,9006
"SSA",7,"IZTAPALAPA","UNEME CAPA CHINAMPAC DE JUÁREZ","CONSULTA EXTERNA",0,0,0,0,0,0,0,0,0,0,0,0,0,0,0,9007
"SSA",7,"IZTAPALAPA","UNEME CAPA SANTIAGO  ACAHUALTEPEC","CONSULTA EXTERNA",0,0,0,0,0,0,0,0,0,0,0,0,0,0,0,9007
"SSA",7,"IZTAPALAPA","UNEME CAPA DR. FRANCISCO  J. BALMIS","CONSULTA EXTERNA",0,0,0,0,0,0,0,0,0,0,0,0,0,0,0,9007
"SSA",7,"IZTAPALAPA","UNEME CAPA DR. GUILLERMO ROMAN Y  CARRILLO","CONSULTA EXTERNA",0,0,0,0,0,0,0,0,0,0,0,0,0,0,0,9007
"SSA",7,"IZTAPALAPA","UNEME CAPA EJIDO LOS REYES","CONSULTA EXTERNA",0,0,0,0,0,0,0,0,0,0,0,0,0,0,0,9007
"SSA",8,"LA MAGDALENA CONTRERAS","UNEME CAPA AMPLIACIÓN LOMAS DE SAN BERNABÉ","CONSULTA EXTERNA",0,0,0,0,0,0,0,0,0,0,0,0,0,0,0,9008
"SSA",16,"MIGUEL HIDALGO","UNEME CAPA MÉXICO ESPAÑA","CONSULTA EXTERNA",0,0,0,0,0,0,0,0,0,0,0,0,1,1,0,9016
"SSA",9,"MILPA ALTA","UNEME CAPA DR. GASTÓN MELO","CONSULTA EXTERNA",0,0,0,0,0,0,0,0,0,0,0,0,0,0,0,9009
"SSA",11,"TLÁHUAC","UNEME CAPA 13 DE SEPTIEMBRE","CONSULTA EXTERNA",0,0,0,0,0,0,0,0,0,0,0,0,1,0,0,9011
"SSA",11,"TLÁHUAC","UNEME CAPA MIGUEL HIDALGO","CONSULTA EXTERNA",0,0,0,0,0,0,0,0,0,0,0,0,1,0,0,9011
"SSA",12,"TLALPAN","UNEME CAPA SAN ANDRÉS TOTOLTEPEC","CONSULTA EXTERNA",0,0,0,0,0,0,0,0,0,0,0,0,0,0,0,9012
"SSA",12,"TLALPAN","UNEME CAPA DR. GERARDO VARELA MARISCAL","CONSULTA EXTERNA",0,0,0,0,0,0,0,0,0,0,0,0,0,0,0,9012
"SSA",17,"VENUSTIANO CARRANZA","UNEME CAPA ROMERO RUBIO","CONSULTA EXTERNA",0,0,0,0,0,0,0,0,0,0,0,0,0,0,0,9017
"SSA",17,"VENUSTIANO CARRANZA","UNEME CAPA EL ARENAL 4TA. SECCIÓN","CONSULTA EXTERNA",0,0,0,0,0,0,0,0,0,0,0,0,0,0,0,9017
"SSA",13,"XOCHIMILCO","UNEME CAPA TULYEHUALCO","CONSULTA EXTERNA",0,0,0,0,0,0,0,0,0,0,0,0,0,0,0,9013
"SSA",13,"XOCHIMILCO","UNEME CAPA SANTA MARÍA NATIVITAS","CONSULTA EXTERNA",0,0,0,0,0,0,0,0,0,0,0,0,0,0,0,9013
"SSA",16,"MIGUEL HIDALGO","UNEME E.C. MÉXICO ESPAÑA","CONSULTA EXTERNA",0,0,0,0,1,0,0,0,0,0,0,0,2,1,0,9016
"SSA",17,"VENUSTIANO CARRANZA","UNEME E.C. BEATRÍZ VELASCO","CONSULTA EXTERNA",0,0,0,0,1,0,0,0,0,0,0,0,1,1,0,9017
"SSA",12,"TLALPAN","UNEME E.C. DAVID FRAGOSO","CONSULTA EXTERNA",0,0,0,0,0,0,0,0,0,0,0,0,1,1,1,9012
"SSA",13,"XOCHIMILCO","UNEME E.C. SAN GREGORIO ATLAPULCO","CONSULTA EXTERNA",0,0,0,0,0,0,0,0,0,0,0,0,1,1,0,9013
"SSA",11,"TLÁHUAC","UNEME E.C. MIXQUIC","CONSULTA EXTERNA",0,0,0,0,0,0,0,0,0,0,0,0,1,1,0,9011
"SSA",7,"IZTAPALAPA","UNEME E.C. ROMÁN Y CARRILLO","CONSULTA EXTERNA",0,0,0,0,0,0,0,0,0,0,0,0,1,1,0,9007
"SSA",10,"ALVARO OBREGON","UNEME E.C. MANUEL ESCONTRÍA","CONSULTA EXTERNA",0,0,0,0,1,0,0,0,0,0,0,0,1,1,2,9010
"SSA",7,"IZTAPALAPA","UNIDAD MÉDICA DEL CENTRO FEMENIL DE READAPTACIÓN SOCIAL SANTA MARTHA ACATITLA (CEFERESO)","CONSULTA EXTERNA",0,0,0,0,0,0,0,3,0,0,0,0,12,9,0,9007
"SSA",7,"IZTAPALAPA","UNIDAD MÉDICA DEL CENTRO DE READAPTACIÓN SOCIAL VARONIL SANTA MARTHA ACATITLA (CERESOVA)","CONSULTA EXTERNA",0,0,0,0,0,1,0,8,0,0,0,0,11,8,0,9007
"SSA",5,"GUSTAVO A. MADERO","CONSULTORIO MÉDICO LEGAL DE LA COORDINACIÓN TERRITORIAL GAM-3  H5 DEL HOSPITAL MAGDALENA DE LAS SALINAS","CONSULTA EXTERNA",0,0,0,0,0,0,0,0,0,0,0,0,6,0,0,9005
"SSA",15,"CUAUHTEMOC","CONSULTORIO MÉDICO LEGAL DE LA AGENCIA DE INVESTIGACIÓN SIN DETENIDO DEL MINISTERIO PÚBLICO DEL METRO HIDALGO","CONSULTA EXTERNA",0,0,0,0,0,0,0,0,0,0,0,0,1,0,0,9015
"SSA",15,"CUAUHTEMOC","CONSULTORIO MÉDICO LEGAL DE LA FISCALIA DE HOMICIDIOS Y SECUESTROS BUNKER","CONSULTA EXTERNA",0,0,0,0,0,0,0,0,0,0,0,0,2,0,0,9015
"SSA",15,"CUAUHTEMOC","CONSULTORIO MÉDICO LEGAL  DE LA COORDINACIÓN TERRITORIAL CUH- 4","CONSULTA EXTERNA",0,0,0,0,0,0,0,0,0,0,0,0,9,0,0,9015
"SSA",15,"CUAUHTEMOC","CONSULTORIO MÉDICO LEGAL DEL CENTRO DE APOYO SOCIOJURÍDICO A VICTIMAS DEL DELITO VIOLENTO (ADEVI)","CONSULTA EXTERNA",0,0,0,0,0,0,0,0,0,0,0,0,3,0,0,9015
"SSA",3,"COYOACAN","CONSULTORIO MÉDICO LEGAL  DE LA AGENCIA DEL MINISTERIO PÚBLICO ESPECIALIZADA EN ATENCIÓN A LA COMUNIDAD UNIVERSITARIA","CONSULTA EXTERNA",0,0,0,0,0,0,0,0,0,0,0,0,5,0,0,9003
"SSA",15,"CUAUHTEMOC","UNEME CAPASITS CONDESA","CONSULTA EXTERNA",0,0,0,0,1,0,0,0,0,0,0,0,0,0,0,9015
"SSA",17,"VENUSTIANO CARRANZA","UNIDAD DE SALUD DE LA RED ÁNGEL ESTACIÓN SAN LÁZARO","CONSULTA EXTERNA",0,0,0,0,1,0,0,0,0,0,0,0,3,1,0,9017
"SSA",6,"IZTACALCO","UNIDAD DE SALUD DE LA RED ÁNGEL ESTACIÓN PANTITLÁN","CONSULTA EXTERNA",0,0,0,0,1,0,0,0,0,0,0,0,2,1,0,9006
"SSA",2,"AZCAPOTZALCO","UNIDAD DE SALUD DE LA RED ÁNGEL ESTACIÓN ROSARIO","CONSULTA EXTERNA",0,0,0,0,1,0,0,0,0,0,0,0,2,0,0,9002
"SSA",14,"BENITO JUAREZ","UNIDAD DE SALUD DE LA RED ÁNGEL ESTACIÓN MIXCOAC","CONSULTA EXTERNA",0,0,0,0,1,0,0,0,0,0,0,0,5,1,0,9014
"SSA",3,"COYOACAN","UNIDAD DE SALUD DE LA RED ÁNGEL ESTACIÓN TASQUEÑA","CONSULTA EXTERNA",0,0,0,0,1,0,0,0,0,0,0,0,3,2,0,9003
"SSA",14,"BENITO JUAREZ","UNIDAD DENTAL MOVIL","CONSULTA EXTERNA",0,0,0,0,0,0,0,0,0,0,0,0,1,0,0,9014
"SSA",13,"XOCHIMILCO","CENTRO DE SALUD T-II SANTIAGO TEPALCATLALPAN","CONSULTA EXTERNA",0,0,0,0,0,0,0,0,0,0,0,0,15,8,0,9013
"SSA",10,"ALVARO OBREGON","C.S.T-I GARCIMARRERO","CONSULTA EXTERNA",0,0,0,0,0,0,0,0,0,0,0,0,2,1,0,9010
"SSA",14,"BENITO JUAREZ","MEDIBUS 09 7863CH","CONSULTA EXTERNA",0,0,0,0,0,0,0,0,0,0,0,0,0,0,0,9014
"SSA",14,"BENITO JUAREZ","MEDIBUS 10 7864CH","CONSULTA EXTERNA",0,0,0,0,0,0,0,0,0,0,0,0,0,0,0,9014
"SSA",14,"BENITO JUAREZ","MEDIBUS 11 2037CH","CONSULTA EXTERNA",0,0,0,0,0,0,0,0,0,0,0,0,0,0,0,9014
"SSA",14,"BENITO JUAREZ","MEDIBUS 12 2040CH","CONSULTA EXTERNA",0,0,0,0,0,0,0,0,0,0,0,0,0,0,0,9014
"SSA",14,"BENITO JUAREZ","MEDIBUS 14 2038CH","CONSULTA EXTERNA",0,0,0,0,0,0,0,0,0,0,0,0,0,0,0,9014
"SSA",14,"BENITO JUAREZ","MEDIBUS 15 2036CH","CONSULTA EXTERNA",0,0,0,0,0,0,0,0,0,0,0,0,0,0,0,9014
"SSA",14,"BENITO JUAREZ","MEDIBUS 16 8527CG","CONSULTA EXTERNA",0,0,0,0,0,0,0,0,0,0,0,0,0,0,0,9014
"SSA",7,"IZTAPALAPA","CLÍNICA DE ATENCIÓN INTEGRAL A LA MUJER","CONSULTA EXTERNA",0,0,0,0,1,0,0,0,0,0,0,0,6,12,0,9007
"SSA",10,"ALVARO OBREGON","C.S. T-II LA CONCHITA","CONSULTA EXTERNA",0,0,0,0,0,0,0,0,0,0,0,0,6,4,1,9010
"SSA",17,"VENUSTIANO CARRANZA","UNIDAD DE SALUD DE LA RED ÁNGEL ESTACIÓN CANDELARIA","CONSULTA EXTERNA",0,0,0,0,1,0,0,0,0,0,0,0,3,1,0,9017
"SSA",14,"BENITO JUAREZ","UNIDAD DE SALUD DE LA RED ÁNGEL ESTACIÓN ERMITA","CONSULTA EXTERNA",0,0,0,0,1,0,0,0,0,0,0,0,6,1,0,9014
"SSA",16,"MIGUEL HIDALGO","UNIDAD DE SALUD DE LA RED ÁNGEL ESTACIÓN TACUBA","CONSULTA EXTERNA",0,0,0,0,1,0,0,0,0,0,0,0,4,1,0,9016
"SSA",5,"GUSTAVO A. MADERO","UNIDAD DE SALUD DE LA RED ÁNGEL ESTACIÓN INSTITUTO DEL PETROLEO","CONSULTA EXTERNA",0,0,0,0,1,0,0,0,0,0,0,0,2,0,0,9005
"SSA",5,"GUSTAVO A. MADERO","UNIDAD DE SALUD DE LA RED ÁNGEL ESTACIÓN MARTÍN CARRERA","CONSULTA EXTERNA",0,0,0,0,1,0,0,0,0,0,0,0,2,1,0,9005
"ISSSTE",15,"CUAUHTEMOC","DEPORTIVO S.H.C.P. JALAPA # 321","CONSULTA EXTERNA",0,0,0,0,0,0,0,0,0,0,0,0,0,0,0,9015
"ISSSTE",15,"CUAUHTEMOC","PRESIDENCIA II","CONSULTA EXTERNA",0,0,0,0,0,0,0,0,0,0,0,0,0,0,0,9015
"ISSSTE",17,"VENUSTIANO CARRANZA","S.H.C.P. GUARDERÍA RAMÓN PRIDA # 41","CONSULTA EXTERNA",0,0,0,0,0,0,0,0,0,0,0,0,0,0,0,9017
"ISSSTE",16,"MIGUEL HIDALGO","S.H.C.P. LEGARIA # 662","CONSULTA EXTERNA",0,0,0,0,0,0,0,0,0,0,0,0,0,0,0,9016
"ISSSTE",14,"BENITO JUAREZ","SECRETARÍA DE ENERGÍA","CONSULTA EXTERNA",0,0,0,0,0,0,0,0,0,0,0,0,0,0,0,9014
"ISSSTE",14,"BENITO JUAREZ","S.H.C.P. AV. MÉXICO COYOACÁN # 318","CONSULTA EXTERNA",0,0,0,0,0,0,0,0,0,0,0,0,0,0,0,9014
"ISSSTE",14,"BENITO JUAREZ","F.O.V.I.S.S.S.T.E. (MIGUEL NOREÑA)","CONSULTA EXTERNA",0,0,0,0,0,0,0,0,0,0,0,0,0,0,0,9014
"ISSSTE",10,"ALVARO OBREGON","S.H.C.P. AV. INSURGENTES SUR # 1971","CONSULTA EXTERNA",0,0,0,0,0,0,0,0,0,0,0,0,0,0,0,9010
"OTROS",3,"COYOACAN","C.N.M.A.I.C.R.I.E. PARA PERSONAS CIEGAS Y DEBILES VISUALES","CONSULTA EXTERNA",0,0,0,0,0,0,0,0,0,0,0,0,8,2,0,9003
"SME",15,"CUAUHTEMOC","CLINICA CUAUHTEMOC","CONSULTA EXTERNA",0,0,0,0,0,0,0,3,0,3,0,0,24,25,0,9015
"SME",3,"COYOACAN","CLINICA TAXQUEÑA","CONSULTA EXTERNA",0,0,0,0,0,0,0,3,0,3,0,0,23,20,0,9003
"SME",5,"GUSTAVO A. MADERO","CLINICA TICOMAN","CONSULTA EXTERNA",0,0,0,0,0,0,0,3,0,3,0,0,34,24,0,9005
"SME",17,"VENUSTIANO CARRANZA","CLINICA ZARAGOZA","CONSULTA EXTERNA",0,0,0,0,0,0,0,3,0,3,0,0,28,25,0,9017
"SME",15,"CUAUHTEMOC","CONSULT. CENDI","CONSULTA EXTERNA",0,0,0,0,0,0,0,0,0,0,0,0,4,5,0,9015
"SME",15,"CUAUHTEMOC","CONSULT.  DELICIAS","CONSULTA EXTERNA",0,0,0,0,0,0,0,1,0,1,0,0,2,1,0,9015
"SME",6,"IZTACALCO","CONSULT.  DEPORTIVO","CONSULTA EXTERNA",0,0,0,0,0,0,0,1,0,1,0,0,3,2,0,9006
"SME",7,"IZTAPALAPA","CONSULT. CONSTITUCION","CONSULTA EXTERNA",0,0,0,0,0,0,0,1,0,1,0,0,2,1,0,9007
"SME",2,"AZCAPOTZALCO","CONSULT.  ROSARIO","CONSULTA EXTERNA",0,0,0,0,0,0,0,1,0,1,0,0,2,2,0,9002
"SME",3,"COYOACAN","CONSULT.  TAXQUEÑA","CONSULTA EXTERNA",0,0,0,0,0,0,0,1,0,1,0,0,2,2,0,9003
"SME",5,"GUSTAVO A. MADERO","CONSULT.  TICOMAN","CONSULTA EXTERNA",0,0,0,0,0,0,0,1,0,1,0,0,2,2,0,9005
"SME",17,"VENUSTIANO CARRANZA","CONSULT.  ZARAGOZA","CONSULTA EXTERNA",0,0,0,0,0,0,0,1,0,1,0,0,2,2,0,9017
